,response_id,choice_id
0,9c7f1ab756be75e442c1731794258f4a,7vraAnT8rdGJ
1,e170eeb5672a28240cf1567070c4e9ba,3wU4qng3Jv5v
2,7c5b5f21da7dfedc95f7070ded30de3a,0bvUWsiKy7jw
3,b518d280af10f70595609b82473f0454,SmVTtWuVpcp0
4,79e5a4ce586b1ebcaba435e99706448a,7vraAnT8rdGJ
5,7d872809c4810d707be1a45f5b7b8d66,C1YCCIUkk1gD
6,0cc1fc9758cbd2b8423d1d2865b99406,FKUfrG3bmeaQ
7,5588b43f6d3f10096b1f1be2919385aa,hiOe7kY0036V
8,e5bbeb658abe5dc5de007a484c4cf915,5co6u5uLcIQp
9,977860d8fa68ed5b36a83326f7ca065b,ylg1PTnEYB0a
10,6a9660a470096efa15c2cd12a7fe0b50,H2WOWEXttUGS
11,f5aad7d2cc7711d71839846f892db1c8,QMiGOFZ3GLJi
12,fe153488767c7f1d345d4a3e08dc558d,ylg1PTnEYB0a
13,9f72d4f6494ddd896fc7cbe960911862,kVgW15gAu8WK
14,d6e7730a880b15ec78a4cb4295e7295f,F3ymsbJazHu6
15,530e23cb58ce555bd20e92637b90f0d8,2tUjjaTA1XRH
16,f215f2993236b3d3629784605f550b07,tUdBhkEJYEZn
17,ab220608a42893f01aa66a0274f864da,6VsVZAklqNeC
18,1159543f987f7806e906ab9a202ef2ec,4jAzTeZCrsAv
19,52b6363809bf7cfa492bed57ff132923,H2WOWEXttUGS
20,8ca17c03e7083fca9dc8fa369cec4fa6,OvCuicqiQ7UV
21,780b8dc03d09eb4d36152ef191d937e6,7hUFkv3XaqLb
22,dac5a31a4d22cc6559020fadd83f4435,Yt53itzDNGJ8
23,eb2c5cb1e6159e46d56b40013841678c,2bDw1hjPhlZc
24,38651127dfe8994582d2364b133da229,Ft66LjF4PD0Z
25,d219729107e4ef8f7f8b29eaaf70c619,DwNhFf3HbWzk
26,1a5dabb650bfd13f0e900a1748419841,kVgW15gAu8WK
27,a4a0402c77032f56155a6b548f6bbcda,Etvt0xB1z9Ar
28,066f984228d9b16c3ef04deaaeb4eb0e,KVmgm7Sc02Ho
29,a132ab262b9227f7e1339dc55515980e,LeezRdlrL1z7
30,c244c6ad355eb2ec724b3d9e428f2fff,7vraAnT8rdGJ
31,f294365b2e61e5fed5ae516437a67fde,7hUFkv3XaqLb
32,7bc5dff945a4649b946db81eccec767e,Z85QEbT2mTui
33,6d6345bf6331b76c4edbbfbb56b98dbd,LxApTOTQYDmp
34,b49ccd112f6bb878e0c04ec3f01faba0,sdikvCEg8fEb
35,dc473db9b8c09c65af5b696727306529,FKUfrG3bmeaQ
36,c1279e2b48bd8f052c4dba1a9a2764e3,xZJd04JF8A83
37,f57752af2b887578137e6cbd22f87689,79woaYJCHtWl
38,f27364dd26d5a5ea9324a24110bd6967,FlJnxfSdBrWo
39,9236ad7e39ccfd95eee004799ef81c3e,dxzqzXKrKZ8m
40,bb76796c05307ca30842b2b4e07c01c7,sdikvCEg8fEb
41,1e47a7dca9e4fec2e3d0640d77b3009e,A83AErdheZAx
42,8c15b0c43c4d650f15d42e4635619034,WNun1moDMwFk
43,9867ac0623f1900e5a77c50874a2bdb5,j7UG5kNHau6X
44,07219d86bbde69ae9ed56e8c4fb03d9f,RKKhJnIn7G0S
45,2e55d339eb8ea01303063c941638e9e4,Eg0NmzYmlj2D
46,fc7a4e7ad0eb028f28690fa68d0b69e6,LeezRdlrL1z7
47,8a361481eae47eefd8fce40b8388a8d0,kVgW15gAu8WK
48,e6d4bfe86ce21cbd444874e76b17d4c2,OvCuicqiQ7UV
49,4ef785ea9265a928bdd7f60ea64087a4,QgMhr0JWBWsO
50,5c52345dfa7f09e33c4bc1b7e4dc1ae6,Yt53itzDNGJ8
51,55558078c3ccc944cc5be0f83790e530,H2WOWEXttUGS
52,f298ba2e7346a4be50a1ceb61f6b99f4,j2KJc6NOQeCl
53,c4e8bc7b3d3c22c59768fb8a1ecbba60,TjtcmGSNMUXM
54,5335b7bdaf72948f547db3b361199b81,2bDw1hjPhlZc
55,1d8671eefe7e11ae6ebd0c66dcacec83,EE0kd0xkCEqD
56,9e3989cf84a3e70270b937d0506d3ce9,6VsVZAklqNeC
57,73780d63490b0cab819c3f955d6b2db4,faeIt8Gd1yzi
58,a59d99b49ade3806022c3b0a5508451e,FKUfrG3bmeaQ
59,addc6009b9e0061b9d33d1133eb99b10,NVvb1eYG5Ope
60,107c5d8761943d941ffa000cfd576661,YNd7PiXtB42z
61,725d60f596a5de48a5d3b3bc8344d4fa,J5cplZtiza3h
62,3c233cdee8bd2ecb3a25691b36c48d85,gdPZ0nKwJA83
63,8e43d52bd6c3edb0aee97486e38b0bd9,jFWmqS3uMiyv
64,5e58a250d18067c9d2f2c5a0eb00eab8,O9gZi4QBLANf
65,75c749a81540f4ba79f1c19d6b075363,A83AErdheZAx
66,980d5983f981c59fcbc0b5e5f9b90094,A83AErdheZAx
67,6f493529f14e90e62bea73bb24bc0655,DwNhFf3HbWzk
68,19ccb515dcbf1dcb829301e1eb514d1e,8ZKUbsMtFjYf
69,53857c292de052e024be356f878b7e5a,FqX2z3FzzbcZ
70,3a1f96ed8b323cca4c9bad992dab739d,LeezRdlrL1z7
71,2a910d478d395417ad5540d9fd69d5e6,FKUfrG3bmeaQ
72,6234c8a7eec2ef7555f19a046ec9742c,TjtcmGSNMUXM
73,be87c4529ff510058954a2ec2c439813,OF9ECN5iHJZZ
74,3797575aa005db2c2c0baeccdd11e8fb,wp3jjBMYk9q0
75,a4d9a0f72e884d2f31a057db23419e37,5co6u5uLcIQp
76,867e2684e651fbfcd4bdf40cfe10e82e,FKUfrG3bmeaQ
77,af0cb774f1cf7db0e6c1274586291fa3,pCsgTOjZnXuJ
78,81961a2884c33d56a8538167a9e28553,FqX2z3FzzbcZ
79,f16721199e590c0e8783c162605f4a60,TckHLKsDjz2F
80,3fdd84725ca1c2a26e2775569c1f6998,hiOe7kY0036V
81,829b7961be79ef74bb1b65b02c816ff9,FheUWDCP1wKv
82,7dfc3b7003118510dbd0bdb9958a634b,7vraAnT8rdGJ
83,a7b29d248eb9de0d1704264bc944e80c,4Bt0lrNATLKQ
84,79645b5b0037307dbbbb34796ea2dd75,kvZHxro1nIEr
85,cc422d3d040017a4f4ce088e83721afc,6Y675JXLBsaw
86,be7f1753eb68f71b641b24642d1bd12e,qGiFFKwdpT6R
87,590a1d451e9df6babacba1bca3d57529,mhQtAEBMsAVs
88,a43a9416d7b08c0f0fc87f59ead3ab0d,ER6rOX6WN8Ek
89,8bfd4d7203f760c4f763c1380c457c7d,J5cplZtiza3h
90,8f879a28d0764afac8d868a8d211ac80,Yt53itzDNGJ8
91,d72e5f662d7dd2f65e219a7649d6c44a,SGLYGjtewGfj
92,c06ded9d51b5a6a0c62a2929bf1ee631,ucZKkFZaPN54
93,a4d06bd591f34afc749c149ce3405133,2tUjjaTA1XRH
94,589691c8ed88c93734f8bd22d604e361,HsxeLm2GyGcr
95,81bddc88268b12b4986fbfac0c06c438,0bvUWsiKy7jw
96,f3d4ed9c1ea17ce39657ef929e78c95b,8ZKUbsMtFjYf
97,7a9ee9743ec90f572f87c0bf3d982d0f,faeIt8Gd1yzi
98,16055d1134ea6c4fd6c354d9633886bf,RKKhJnIn7G0S
99,ff504bf299dd3037fd0def1360488a3f,mhQtAEBMsAVs
100,8dcbd32689692fc82e0e14855904fea1,F3ymsbJazHu6
101,66a0446057d222d497a1a2527bed2f5a,3znoGOWPyNqM
102,8cda3a207998fc70a33e3dc627edc177,hiOe7kY0036V
103,fb29e58a58831ee5ff849355a81826c4,HsxeLm2GyGcr
104,7b33e27defddcf73225743a270753b17,6VsVZAklqNeC
105,9aec156df614a723ef09335e72557efa,2v0vj2xD6wl1
106,79539ab3631960fb102503bc35a283aa,ZDwR7kxMZK6y
107,d39b0777bf1a9341eddccaf7f900a692,wp3jjBMYk9q0
108,a78b7df72954cc1f62e17fe82d89c193,6PKlQx6XycMj
109,9eafebf8b4066f138aef99c22d917d07,Etvt0xB1z9Ar
110,036d97aef20f9f6065457dc623646440,WNun1moDMwFk
111,c5c6aafdafbcba4ccecba1bc1d6137fc,pCsgTOjZnXuJ
112,535603253ec93f603ab1dfc1679ea4d8,eXzCNWxm1R3Y
113,f882e599dbe4d36304c1a0af5195f0df,5co6u5uLcIQp
114,c307575880d5e0f9ed8966a8067b885d,3wU4qng3Jv5v
115,b3c4891011cc91df258ec1362e2a407d,mfGnmfYYeuYp
116,8f3bddc2c57344b60a7219f59b721cfb,StVRFBHARHFE
117,95882f057da20483754e7762cf06fad4,SmVTtWuVpcp0
118,9bc086df8934f22af3f6abdf5cdcf657,StVRFBHARHFE
119,20769d5dab512f4a04c9aae4e5f89ef2,mZftK5MTxizX
120,f8cda818dae3d3c34efb22164d6445f2,OqP69x2B0VFB
121,b9dad93486f30dc3b5d33255e4962266,2v0vj2xD6wl1
122,a84f1066202baef6235810755fab17bb,pCsgTOjZnXuJ
123,58bd3210dbe843e95630c924268e2e1c,hiOe7kY0036V
124,8bbc75eedf3f4a07ab36cb67026edf58,l9S6TXwwYRGz
125,228151bc0accb9ea15aa5a5e5a41de5a,sLrkKOaRi7Vt
126,61ab3e3c24c0e31b9435d505fc828615,hopRGLuWHaeH
127,a2630fa7dde681f3393e961c69d0c18e,qdtBgmKH9EBK
128,b2f5fcf336dcc36c54a0997b16acef3f,DruzZKFxe8MT
129,fa2cc0587074b1e1d243bd5b0cf393dc,RKKhJnIn7G0S
130,daf3110951c074fcd1e1e159b26e6da2,StVRFBHARHFE
131,5847d3b149e4730921723070f409026f,TjtcmGSNMUXM
132,5c19129660e07ed66166d83ec68e0b11,6VsVZAklqNeC
133,dbece667dde59d0c541e3adea6c4a2bb,BrpiDUFcXLO2
134,e729906692af58f67c4e5a8321567a3e,1MpXdDetciE4
135,f708422f0896994b79fff530a7f0e338,DruzZKFxe8MT
136,d5c1b1ef2019d8c99e7d3ba89421cb98,Ft66LjF4PD0Z
137,0ccf3a64142082850e610389c0c1ce0a,mfGnmfYYeuYp
138,813203d8e582df710e3a412880c7e865,mfGnmfYYeuYp
139,3d8a19c37df6dbe46829c3899feff1c8,px0pT41crNog
140,aeabd33d2449d059e015cd8cf35a940a,qGiFFKwdpT6R
141,76f1939734a74781605be0490ff47166,6Y675JXLBsaw
142,a6d33d72e6e43b768027883e404ef4d8,H2WOWEXttUGS
143,38214d6801954841162af37fa90b8745,ZDwR7kxMZK6y
144,f83acd62734676d94c34d2a9ba461b0d,H2WOWEXttUGS
145,f2103010c25bc3748d78aa307d690a74,ER6rOX6WN8Ek
146,fd57c868aba0a1916b799171e7399fa5,J5cplZtiza3h
147,f3ef67965eb0fcc70af0586b84c75676,EE0kd0xkCEqD
148,344c0d94f6214a2120117cfa49e47a56,zhq2KVOmdCkJ
149,d1e5dbc88631769a573fb96999576c71,U8G00Fk7kx21
150,3584ae5f6c6001cbca33093fb0ce09e7,J5cplZtiza3h
151,2dce8c2ab229faf491b7e9d914e0fdb3,6Y675JXLBsaw
152,c1157bcb5f67084bcad7c8a4c71da143,faeIt8Gd1yzi
153,346be957b5b97d0d81f1816999436b1b,dmdFmfezQCgR
154,9ec4d40fea1b42ba8446e93d932ec4d0,Ycv28YfMxWue
155,c0206158347c023f71a05c3fe40575a0,qOdkW8szBAfp
156,e781cb670a9016a2351016c30df90231,Yt53itzDNGJ8
157,09198fe6bd6a1ecdbe2a2e503a90d5f1,1MpXdDetciE4
158,085d9a1ffd3736811514298a2e3523f2,OvCuicqiQ7UV
159,880a862186b3946bd9169c1549ee02be,hsCU5eU8j312
160,7f4e698229a1a2e491af01edf095c72f,mZftK5MTxizX
161,240b6071c9f7e7f3d084aafdd9007ca7,k2ihip3E07Io
162,3b15a7bf7c3f92bd93bd89e6f69010eb,9VRivUKKCCFT
163,2ac815cdf3ecd67ceb6d315d8e0836db,StVRFBHARHFE
164,2da29c69b0f1c2997a2351c525385160,NVvb1eYG5Ope
165,a23d83ca4a3f09165909d6d22ea0da69,igv3YRwqXL1I
166,5c03d6f9e76a7507589d4258b0c38c24,3znoGOWPyNqM
167,e79d772361dfb329695c7cfc9454c942,FKUfrG3bmeaQ
168,d77f490c5622dd612c0d0c442cc728ed,faeIt8Gd1yzi
169,e52a26579aaca5ce3c1f3df864bda790,DruzZKFxe8MT
170,c10bb570bc540348fff67b311eb42968,KVmgm7Sc02Ho
171,40a6b372e2f292cc2b69feb579d13edf,p9EicrWMqqmM
172,c57016c10a41cf9cb781720ff4227f17,EE0kd0xkCEqD
173,77dd2114976865213b384b9dc3242919,Eg0NmzYmlj2D
174,77c95df467d22ee243a5d1706172d681,R2D8eXEtZR9O
175,3da64aec646227377b31c0e67ca75659,Uk4x8SEU0R3s
176,541b8400fcd2f68c676afd214ab47bc4,kVgW15gAu8WK
177,fbeb091f255dc98be3f800be477d9f1b,Etvt0xB1z9Ar
178,1d1bfdbf903a97e94ee1f76ba772478a,UxGLQiF7Rmba
179,56f243b7ccacac0ee5575ea908f05279,jFWmqS3uMiyv
180,4a9b0ef1e377c6281e3726ab0d1b9417,tw08wYSFFojh
181,93ccf89115bf48fab34141d79cbb5180,RKKhJnIn7G0S
182,9bad0753f18cd3eac2462a6919f443f5,YNd7PiXtB42z
183,81551791e38719078dc09453fcfcc58b,faeIt8Gd1yzi
184,06258071fa559274c5a6d6a160f8ee97,j2KJc6NOQeCl
185,5cf83b94696517ca84aad1a1e6bf8fcd,zhq2KVOmdCkJ
186,4347252d60f78ff538f9517fed1e2a85,FlJnxfSdBrWo
187,51496495e7d45646b3ca46eaf90588bf,gdPZ0nKwJA83
188,af45038c9d8892a012295b4d7193aff4,qOdkW8szBAfp
189,f6c6f3e38ccf36b128c5ee6b30a04f0d,igv3YRwqXL1I
190,ea37e61f82831bdfb3522877e1b8fe86,eEWyr08g8Bzq
191,e0682c824f800761bd2f85ecd2b47854,BrpiDUFcXLO2
192,4ea941f370804ae4760e817ef223c27b,Yt53itzDNGJ8
193,ad2e6375393d6385cf7857af9476b0b8,SGLYGjtewGfj
194,cb89a8895eeac9836518889b33ca9ae8,ER6rOX6WN8Ek
195,f7377d88bd03a1c8ecff362e635cb32a,su6Ym7plKI4E
196,55bba9ea414e150581e975c152defca0,px0pT41crNog
197,ee22fb79c6f15df201afc74c625d6d4f,lfqjAt230IPm
198,1d99a0914a95c0805e1bc00df14ff25b,Etvt0xB1z9Ar
199,b1b63bf1209aa4eb4ed1f79aa3c70fda,R2D8eXEtZR9O
200,bfc3b02d9ce06a56f419dc7254f9f158,C1YCCIUkk1gD
201,17b4e281cead7934eb0e52a0fc473877,NVvb1eYG5Ope
202,ac2eac12c474a4b64e8d32fd7202a680,ysMMAdkgnu2A
203,d8026d8f392592ac26267e1a8b245fa5,eEWyr08g8Bzq
204,6bc5b28b5ee99a04e8ceeace059ee35e,CgkUuwMgoFVb
205,36e99da09d15ef4aca1293a3adabfc87,2tUjjaTA1XRH
206,e3515aff524a7c53a6622c9a609c8ed2,cQsU5Bs17lm4
207,21ef45bd08a920343ba8399a8bc4cd8e,y0XTK21Dr5yZ
208,d1c7767c3228df8348e3832336db2629,mfGnmfYYeuYp
209,4c211c339d377393d379a5993b55bda6,Ycv28YfMxWue
210,c7fac33168226ec2e287862fd4129a38,OF9ECN5iHJZZ
211,2adc8d79b6bdc26c17eebdb3a3652968,ucZKkFZaPN54
212,03e28a01e936133fe2064737ca66582e,DruzZKFxe8MT
213,130b4ec8084818cfc70f99f543ef3ad3,9VRivUKKCCFT
214,cdc245573d4cc317364d4106511d97a7,8ZKUbsMtFjYf
215,747ecf21bd4d78cf2bba1356d2e36845,j2KJc6NOQeCl
216,ec088979b2a04b3b1562c6d5cbb5b95a,hopRGLuWHaeH
217,2c708213392f2a1ce67e50f2285bdf1f,srTPK6MzK4gV
218,7131db43dd4b68498bae200773b0d5cf,2bDw1hjPhlZc
219,230b7b1430233d855d61842ac326427a,0bvUWsiKy7jw
220,79ed913c2fe9eefa473c9f7cc598a584,Ft66LjF4PD0Z
221,e9dc6569dccf94ded86d9446dbff84cb,LxApTOTQYDmp
222,e30e72258e8afe3889099b2d3a25ce42,mfGnmfYYeuYp
223,d65b4e4b34685210fccef0088b71e497,79woaYJCHtWl
224,5236a21cdda83117eb302b59a57d6b59,DwNhFf3HbWzk
225,876237377d23f41dcc875f5257dc723b,U8G00Fk7kx21
226,c2a2a43fbe261f9d4204fed7f60bb98d,RKKhJnIn7G0S
227,bdc7ab68dd4dc981f408c957fcff8a61,oS7tB0jtXOq8
228,51835d1aedef9c2ca636a1a7de9d4db2,HsxeLm2GyGcr
229,dca19e60d1d914958b6809512c205898,HsxeLm2GyGcr
230,86ae0ecd46bef64ca6faac88e0e4a29e,j7UG5kNHau6X
231,45999c50e80af9afc94400383009056f,OvCuicqiQ7UV
232,c0dba8b1a082b5dd90770f7eb5c22fad,48VxADq1Lux5
233,143362cc6d701c82d45d72c6831fa3b0,79woaYJCHtWl
234,3a292a883f7810fad065df99ef77bb48,xZJd04JF8A83
235,28eccba49b324806cdc9040d40fe0b5c,qOdkW8szBAfp
236,e4d18b2e3ac0217b78a268e0c4a84375,4jAzTeZCrsAv
237,7cb2d0cbdd841ee4eca5f0c8361b207f,j2KJc6NOQeCl
238,4422ce4eaeee1bc4199e492a0d945603,Yt53itzDNGJ8
239,e05b6898c2eb8241cec709e71d3ee88b,9VRivUKKCCFT
240,2413286a0017df63fe64cb5f3f5fe7b7,3znoGOWPyNqM
241,1be3abaaa0c89cb06d0bac92114cff2c,OqP69x2B0VFB
242,aa4618c01148cba4a8e76c0e7c20d789,7BB2B8pUhkbG
243,d854df6dd35a5652feccc7721742c829,kVgW15gAu8WK
244,b9183b298043ad365140ac75248011e9,KZa1efIm9Elg
245,fe557a5aab636a7ded221a32bf2b84eb,2v0vj2xD6wl1
246,3db3efe7d63d382691c1f5cbb623649e,UxGLQiF7Rmba
247,b26205a8900d01ee389050172566dac2,oS7tB0jtXOq8
248,a7c05d19d30fbbc17ec18000f875eac8,Ft66LjF4PD0Z
249,702d2fcda0e1b25d2d69d538f4ce56a6,ylg1PTnEYB0a
250,a55b2de93fb02a8ba6ce9c130cda75b3,DruzZKFxe8MT
251,d3c48448ab663713f75b8cb26de5202e,SmVTtWuVpcp0
252,2632b7ff3901eee6ac70e5a365b81e58,FlJnxfSdBrWo
253,797ff503158b7962829dab712c5a5807,WNun1moDMwFk
254,268d6b682a97b04778c9419bf9a9f071,nlZjscBqradr
255,f2ba96f5e85349118fe4a5a378e2542a,1MpXdDetciE4
256,406f57066df1e0e5bf0cd0987caa67f0,ysMMAdkgnu2A
257,1e0543ffe9395421cccab7946abfef53,YNd7PiXtB42z
258,816593bb2fa863fad5d1fada56a4c50e,StVRFBHARHFE
259,9e23fac54c11ec28d11ae837128b30cd,DwNhFf3HbWzk
260,c7b0508cf766cafbbb2c9a7242ae1c6c,wp3jjBMYk9q0
261,f0ecad824fbddc0ccc0399c4241cad7f,jFWmqS3uMiyv
262,3abcb88819b90040f704dd61b8562d12,FqX2z3FzzbcZ
263,b6f6bf28a339ba499d4cccfca029fdee,Eg0NmzYmlj2D
264,2f6291177215daaf7e116de142dd82cd,a8Modpe3H2NT
265,5ff62fe5b99263c157c9ae1cab374b0b,l9S6TXwwYRGz
266,0675b94194f68eaa8aa17a8582dd029c,nlZjscBqradr
267,f9a7dfd5cbe1d9a35149d6e69b95b0e9,TjtcmGSNMUXM
268,1ef571e0817e1fd36d9497d60a194919,dxzqzXKrKZ8m
269,9ea6b7173bd633d7128b48f1490d18f9,A83AErdheZAx
270,8bf89e54b2440eb6238cac706ed085d9,NVvb1eYG5Ope
271,0b2983ae7b9f2f27283875a22e4b5198,4jAzTeZCrsAv
272,344780b2930ebda513925770b555b40a,ZDwR7kxMZK6y
273,562723e4d6e914422afaeaa4400bd946,eXzCNWxm1R3Y
274,323ced6724c50b6963b82e932c336589,hopRGLuWHaeH
275,1fad16d5faea114c8cee13e5d3116c06,wp3jjBMYk9q0
276,9a82448f377a6b4f76e17ed0b6530e0a,LxApTOTQYDmp
277,5966e3bf2230a2ed6ad4dc1aad7db52e,NVvb1eYG5Ope
278,a712750925c2f1d9419cbde5df1bac93,FqX2z3FzzbcZ
279,3096cbe18507f1376e4a73f524bf888c,2v0vj2xD6wl1
280,8b9f5032c7bc23b53ad5f5a1ac081800,CgkUuwMgoFVb
281,fe6b991fff11fd8c469f6d1d9bde5c68,hopRGLuWHaeH
282,904f3bc9b58b735e905f2c206ec74af1,LxApTOTQYDmp
283,05c4c47b49697147054e955f38633868,zhq2KVOmdCkJ
284,7a9b3ca9dfb8ce43e37603b7468380c3,UytT9PUsCS0I
285,beab07c1d415a59c0ad14a2eb947b01e,6VsVZAklqNeC
286,d5d53023bef9b46f3d64497936139283,hopRGLuWHaeH
287,b938575d73ace920551edbd8f5bd8e80,4Bt0lrNATLKQ
288,7ba112f5588bd9e0a614296e0a9434ea,AmIIqbiTv1KG
289,b6601dc47f9ec17be6a19dbcd8e13940,sgBnVRRii4LQ
290,53bb58005df7c8e170669b16c27d8975,OF9ECN5iHJZZ
291,4c014662ddd16a046ff2024060d342f8,j2KJc6NOQeCl
292,3454494666f124aed8477b723570d46e,su6Ym7plKI4E
293,ca24cbc3f82698afa4b5286f397bedf5,2bDw1hjPhlZc
294,dd6dee7673c02c9508596e15f922a724,H2WOWEXttUGS
295,29a088fd4189934facfeeb9b210d87a9,Uk4x8SEU0R3s
296,c25274f198f6e3972e04d08572b047a1,2v0vj2xD6wl1
297,51440706c9ac201096f2ac8725f13488,OF9ECN5iHJZZ
298,c9925f78dfc05a322fe7c2e3c5c33bb3,6VsVZAklqNeC
299,1da861eff0396d30e0851278a9d091f3,4Bt0lrNATLKQ
300,ec2240275ad11fe99902b0abaaddeca5,KZa1efIm9Elg
301,dc54771006706377050311cefe61a224,QgMhr0JWBWsO
302,32a2e529fdcd34982921991afd83b1d7,LxApTOTQYDmp
303,c5ba367fecc296a96cc65ea1852349b3,mhQtAEBMsAVs
304,37c0486b0ad2bce7cff686c7e944c1bd,8ZKUbsMtFjYf
305,990407a2c9ef783053eed174835451cd,7vraAnT8rdGJ
306,ccb8d6daecd80cf3c5da7ef74f395ff1,sgBnVRRii4LQ
307,cd62053771a2f05e1610ad3694397434,KVmgm7Sc02Ho
308,43e9b530cc2ff742b1c6301d229761c2,QldYZv3Riz7P
309,55f00fdea51b284f676d00c2d4f35854,SGLYGjtewGfj
310,d65dc86c579dcd622de68c09fdfb68ca,xZJd04JF8A83
311,580dc179f5094b9757a3ea29a200b5b9,oS7tB0jtXOq8
312,97f49d464ad8306a776135e7479c1d64,79woaYJCHtWl
313,1d3221e77e3b93ec98d64fbbf339d556,SmVTtWuVpcp0
314,b4b7212b62b772e48a1e3dc0d6bc28d3,7vraAnT8rdGJ
315,e110784177cf21ecc7020eaeedb6596a,TjtcmGSNMUXM
316,56bd6576a7b92253a55deeca83accf1b,sLrkKOaRi7Vt
317,f5bf9cc1dff00e3337ba0c3aab72a377,pCsgTOjZnXuJ
318,d65c85fd1c6279111e26b544b0859ca9,J5cplZtiza3h
319,1fb3b055fc48daa5d5cc921fbb9cb3a5,QMiGOFZ3GLJi
320,36ff1941440cad0bc89f93fff098c794,faeIt8Gd1yzi
321,06e88066908ae3ef0133d7e82b56a027,px0pT41crNog
322,116f7e751e5f59c45cc33f36785b91c7,A83AErdheZAx
323,460a85c1fc70574abc8cc09ca496f363,kvZHxro1nIEr
324,0bab7b21b2c46e6fbf663d6b9e6ed7b9,OF9ECN5iHJZZ
325,4929e95572a8a986ce283e9e327ec6d9,CgkUuwMgoFVb
326,c3c548b96be3d5ed08f355fa0d296500,YNd7PiXtB42z
327,4ec8589220ba238d43ed842a0d4e7092,DJDqjenoXOTT
328,067686ae7e5a19838809b565317372f1,U8G00Fk7kx21
329,9cae774842f2e0fadcec0de57e02d1c4,gdPZ0nKwJA83
330,058d50e91f19d521a7df3b9d25f2c7de,BrpiDUFcXLO2
331,8248a553e2c49ff04d2171af0d4ee812,LeezRdlrL1z7
332,f21524ba1cd0f3dea2360f0ebee051e0,C1YCCIUkk1gD
333,8b1a68dce1450e6fb4bdc1e900075c0f,FheUWDCP1wKv
334,cb051c17cec85935a7d0a6af655f3c12,ER6rOX6WN8Ek
335,f7981a64b24e03c4e80f6dff05553371,OqP69x2B0VFB
336,59834b55f02e26868b7aeb1c1fa39f6c,a8Modpe3H2NT
337,61d1f2d3d6df82a1115c8bbbfe4a9b83,2bDw1hjPhlZc
338,b198a2761b595bfc7878eadc12055d95,jFWmqS3uMiyv
339,5004de3cd154c92e45c5bd9f30ba0e81,4jAzTeZCrsAv
340,9f2f9751557a30588558828427407186,SGLYGjtewGfj
341,1b6c0870ebcefd3378e5cddc36aaea89,O9gZi4QBLANf
342,f706cb09b2d8640a4da60825972dba24,hiOe7kY0036V
343,9db1ad23d5c3cd3237e7e1c3ac1872ca,xZJd04JF8A83
344,393872023c21892a43928c032fa65cd7,hsCU5eU8j312
345,9f3ac4a69d3d6eebbf0de8eea1d1e831,kvZHxro1nIEr
346,8c69e87aa21885bc251cd7f1f4b6c52d,UytT9PUsCS0I
347,3e5b6d0aff0e272e5f47f032a1712711,4Bt0lrNATLKQ
348,faf91cd0be0f217657e4b52b59309a66,7BB2B8pUhkbG
349,f39750d1a70fa7e6c5f187877bb721d1,SGLYGjtewGfj
350,1b221d534f4c605effcbc475a09cc989,j2KJc6NOQeCl
351,5fb92b5fa6d7c8c3cb4eb1826b8c35a1,TckHLKsDjz2F
352,67c13e542dcd8390fce50a00a275d4e1,DJDqjenoXOTT
353,5640cb48de4d4d78676b1aaa8f7f33c4,a8Modpe3H2NT
354,d41eeffcdd5fbf39bae2e5fe24acee8d,5co6u5uLcIQp
355,ee21dacb0ea4bf700959921c75d7294b,mfGnmfYYeuYp
356,bd0ccb979483e5a3d35367a044764336,StVRFBHARHFE
357,207a7419330d290529f554b8b580ec4c,su6Ym7plKI4E
358,aeb752ddda46d264c25e1473d5e492bf,AmIIqbiTv1KG
359,e19495ab3e75e1ec5303bf80209c5ef5,FqX2z3FzzbcZ
360,77f50ee5f456e6f1a1e26b5d940358c5,sLrkKOaRi7Vt
361,9218ea503d61933888f8cfe3cb500ea1,KVmgm7Sc02Ho
362,da35b8e9b6b7c617d6fe8bcca3fd96ac,UxGLQiF7Rmba
363,a3a099ed1dadf08648e15547b678006b,FlJnxfSdBrWo
364,0fb071d2099699b40eb776abc0ddf8c6,Ec7FAgpEnOUZ
365,d7d1aad2099ae71fdf1f330bf151cce9,nlZjscBqradr
366,984093f998f4e6946fe0cd2751b35f12,LeezRdlrL1z7
367,f15896c794dd82b01ac825e120c4b634,7vraAnT8rdGJ
368,fa278c9b022192ee8c459ff48005820f,TckHLKsDjz2F
369,6a233b0cc196ce27612a475380324289,p9EicrWMqqmM
370,4a3e45a5202fd4b59ba41594627506f1,FqX2z3FzzbcZ
371,5a23ccb612a3422f712f1168a1690eb1,gdPZ0nKwJA83
372,e820bcc57993f50000c870098195a4d3,TjtcmGSNMUXM
373,773ac5ca38ab21ffb19746aac6133495,TjtcmGSNMUXM
374,63af3e428169b3db1be164519bad2be9,2v0vj2xD6wl1
375,8d34d0d4c28cfe4d346c30ff69f14a11,dxzqzXKrKZ8m
376,da4153d740cb6a0571ef585803ee8908,TjtcmGSNMUXM
377,60a8fa5de804722c8b51cf02a9cd8545,ylg1PTnEYB0a
378,5e7eeba854b5bc2fc5d0003ab09d921c,jFWmqS3uMiyv
379,b1a2023b25b12f335facbfa0943b3ba4,FheUWDCP1wKv
380,bfe71dfbb0b4f89fe318af3b6ccc4172,WNun1moDMwFk
381,d5350f428afa88d31dd1450a82f963e2,6VsVZAklqNeC
382,9082cd5ae089eca91576e27a3cd8f02a,LxApTOTQYDmp
383,bab88473da1eefb724e1ff22c0413110,cQsU5Bs17lm4
384,0b7575e77bf8b209b0f8a259537ea20c,px0pT41crNog
385,2ee4e0fe3528a01b939ee2248179e070,xZJd04JF8A83
386,f8d1888cbfb81338be76455d5e8ddcf5,FlJnxfSdBrWo
387,0ab7f409e4975778a51a7498657fcf1d,l9S6TXwwYRGz
388,60761d3a058e1189bf5ed5188276d3e8,nlZjscBqradr
389,96e82ccd49c46f128b25f4e682dc7e1e,BrpiDUFcXLO2
390,7e2fe9a9567ea2f40bab4de482a05033,WNun1moDMwFk
391,97c14b10b65982194720f1a10b159f6f,Ycv28YfMxWue
392,6f4a246348b5e43635bcf5d26e60aa48,LeezRdlrL1z7
393,512ed4559cfe6984b6792b9c1e4bb5d4,8ZKUbsMtFjYf
394,5f131a697ea00443f5ef7077c0fdc701,KVmgm7Sc02Ho
395,1cf02e40001b7a2faf24dd02ffd97e5f,FKUfrG3bmeaQ
396,d4e7e66c31a24fbb349751752ba7ce6d,3wU4qng3Jv5v
397,98720ad1a1b61995ed93b66b43ccf6ab,CgkUuwMgoFVb
398,80f1ac6bb82080b9d99057ea4de52284,Yt53itzDNGJ8
399,812ff0e06792305f8bd6fdc934440ec7,xZJd04JF8A83
400,30a765c01bcde82e30aa027ce2bfac61,tUdBhkEJYEZn
401,71801b222a10fe79b9d1e0f14de75ebf,Ec7FAgpEnOUZ
402,d2491bdbf52b026bdd8a52eb194bcf96,QldYZv3Riz7P
403,1b7d981e469965002a561b66c689202f,FheUWDCP1wKv
404,e7320344fbe18b4916bf046f0c7a68b1,sdikvCEg8fEb
405,2199f4cdc53f3a15cdb2eb04c9833c6a,9VRivUKKCCFT
406,b0f5a16a6f90f6fc629d41ede8367e46,2v0vj2xD6wl1
407,23ca3bf8cb204bf4daa6f1d0442c129a,kvZHxro1nIEr
408,a1ab6656ed128736ec57b214b254bd16,FqX2z3FzzbcZ
409,4bf9b80fceab99ae5c4d5f60ce5f0f04,qGiFFKwdpT6R
410,ddb549d981258043102bf7fda41151bc,dxzqzXKrKZ8m
411,51bd400a55972303db7fea81671c2272,x7c46Eeq8bUZ
412,c7d005987256674eb62b290c57323b01,j7UG5kNHau6X
413,e39c3de613d9e563a9e62f9c362507ec,J5cplZtiza3h
414,4ecaad6923e2ff9c9f516dfb24167e35,DJDqjenoXOTT
415,5ff6d9182860fa88c66e75002d1d561e,eXzCNWxm1R3Y
416,7492a6896897df44b38fb43cc0d3fa1a,Ycv28YfMxWue
417,a085fdb518ea28d5005b1b58d73c271f,cQsU5Bs17lm4
418,2004edb50920394a55d8135c099f9229,SGLYGjtewGfj
419,a5ed09759097049a50b08498672f2e0c,EE0kd0xkCEqD
420,4ed6744c0feaaac6f522233b6feb621d,QMiGOFZ3GLJi
421,1ea805e4c63c25d224efdc24270cdf17,OvCuicqiQ7UV
422,760be9cb29a347fdf0a467c0359afb86,KZa1efIm9Elg
423,ffcd0867667985c1bd6d74cf1e24dad9,1MpXdDetciE4
424,1b990a88f13cc2c4d0cf6390fd7a83c1,SmVTtWuVpcp0
425,79ca7ad2ce18f569424fe1606ac418a9,pCsgTOjZnXuJ
426,3cb2d1973a1b16752c6d47e382396125,a8Modpe3H2NT
427,0004be05bc59cd45caeaec79444f3108,DruzZKFxe8MT
428,00d750f8f3e9c1f29fbeb8926f541f9b,eEWyr08g8Bzq
429,53d28bd957a4f6789e02b654d0ee9be1,SGLYGjtewGfj
430,d007a66b4bfe1a3ea769fc2cb7a2396f,Uk4x8SEU0R3s
431,a8846ff8b16144aee587902fbbb50732,TckHLKsDjz2F
432,bd0f327c0e20b26aa3bc161279492df8,nlZjscBqradr
433,23be54ddd4268e454f266906fdce637a,dmdFmfezQCgR
434,9f4e970020fd26ed9df1e7e88b955ec2,faeIt8Gd1yzi
435,7c1c7bb38d588ac7295897977b077c23,faeIt8Gd1yzi
436,12bc8e24c4e9ed7a37eb98460f021995,1MpXdDetciE4
437,685067df041065913cf1e7486ec246f5,7BB2B8pUhkbG
438,e3f6750f98df5b292673f36fcb3eacbb,6Y675JXLBsaw
439,2a0eccf979f2ffe6727d69422041068e,TckHLKsDjz2F
440,4d96fda25485ed679887248cc962376e,6VsVZAklqNeC
441,107e674e31894383e7bc52c3526a800f,FqX2z3FzzbcZ
442,0c8f020267b633653bbc1496a1ce6fd2,2bDw1hjPhlZc
443,45e24250c997ef1bc2dbcf0cefb5ac14,KVmgm7Sc02Ho
444,f8ec57a6dc92be5a6a123b0ff2092d75,QldYZv3Riz7P
445,cb850cdc68757beb4f627371e5892df5,dxzqzXKrKZ8m
446,a34679303fd3780db8954c9feb73a428,Hxn31wXliqN6
447,2ee77970fd2ba0337c68cadc9da24429,2v0vj2xD6wl1
448,8159ccc2a348ac346525b760c4f3c614,YNd7PiXtB42z
449,66e6b2960d34fe028a6838b27aac950c,ylg1PTnEYB0a
450,cf7d3ba6eca6cdbe4ab8063d26e105f6,gdPZ0nKwJA83
451,3dec828fb3fb1a5e779619098a572469,Eg0NmzYmlj2D
452,2d1d6c9de9d1adc695bbf80891b73d1b,TckHLKsDjz2F
453,1108c7397a254906fd785f78627051d4,nlZjscBqradr
454,f96755ab2b7b76b45b33fe726c6391ac,Ycv28YfMxWue
455,4a59ffbf1a862f522cba30331d558f54,jFWmqS3uMiyv
456,4795351fbdda773ac200600498b19e9e,QgMhr0JWBWsO
457,9e4e51adbfe918857c679e6dea18e6c6,Eg0NmzYmlj2D
458,b5439b3e6571011e9c192d482f584b1a,R2D8eXEtZR9O
459,c7e16eed2b33528ab74b5caa27c6b639,6Y675JXLBsaw
460,9179203975e253ab687769ebeb5a8e35,F3ymsbJazHu6
461,a8b3385d140cc27763a6068fdf4df670,srTPK6MzK4gV
462,2f83fc21e4f8aa889e5abe97c3fa3102,FqX2z3FzzbcZ
463,7ad62254bb1d9fc8e664835f8cf6f8ce,J5cplZtiza3h
464,d293812e7ed3af0a60a5eee7edd4b911,sdikvCEg8fEb
465,26e1b65cfd939705974407c12f37c306,48VxADq1Lux5
466,cab230e5bc452541ab3f71d9b7d83117,DwNhFf3HbWzk
467,14cf836da5203a74984052fbf305228b,UxGLQiF7Rmba
468,b4ee21e7ac7770080541ad6be69287e1,SmVTtWuVpcp0
469,926f0051ceda223df174d49621b0f826,Ft66LjF4PD0Z
470,693ae0ad5819918bc75959f01c458452,6Y675JXLBsaw
471,7c76dc168dca84f28572127905b5a531,sLrkKOaRi7Vt
472,8bdb446353e5ca5ace81b7c2d4b372dd,Ycv28YfMxWue
473,47aabe6d707f6c6b4eebce2c588e81f5,DJDqjenoXOTT
474,7404acd491b20f0241ccf774903d17e5,KZa1efIm9Elg
475,02a46e833f03f0bd51c4d84a8ce3ba31,WNun1moDMwFk
476,a5f55602ac2711926977c3eca3df096f,OvCuicqiQ7UV
477,3241ddfec014622ec9de57f51f974ad9,wp3jjBMYk9q0
478,4e54cf7bffb3536d28dd78b3a2b11fa3,6Y675JXLBsaw
479,91cb66451be20055b91c7cb87a7eb7bf,Hxn31wXliqN6
480,cbbdc980b3a367dc1bcf88ae15327a6a,OqP69x2B0VFB
481,6d5bed4534bb3a0e5793d571a1763633,mZftK5MTxizX
482,da22ad9e76bf83e4f0954951ca01a301,px0pT41crNog
483,0bb48317707f14ce59d4c738c6dca77f,TjtcmGSNMUXM
484,90e9220e9f055fbe97a4314fb5b44165,3wU4qng3Jv5v
485,974439b2f99953283755087f7bcc0558,ylg1PTnEYB0a
486,b48fb77c8f4148bd1c321707cb709ec1,5co6u5uLcIQp
487,09bc10f76e2980eef57a50083ac7ea7f,zhq2KVOmdCkJ
488,35e8ae3eea542f8f90407d97a09e9d28,NVvb1eYG5Ope
489,f9b3dc431d13a3d6ff7dbbb2f0c472c1,StVRFBHARHFE
490,b3829ec652f7a791a0f4ee8a8fbc5acd,oS7tB0jtXOq8
491,d0e5f78477ebcf5137745c09c16c0eee,FqX2z3FzzbcZ
492,a1f7965366e5b9140e83bf5b654c1b09,3wU4qng3Jv5v
493,0d26277855cd058bf06d0ba7e8a56518,FlJnxfSdBrWo
494,6120c0ece111fa121c52518711437b91,nlZjscBqradr
495,bfbe921d23e2bd0f6da21a492a18c118,7BB2B8pUhkbG
496,76880a1af9b3d1045f075ad7e20b775f,0bvUWsiKy7jw
497,6aefdfde03d2b88dbf2ddfec1f540b43,2v0vj2xD6wl1
498,d888b1cb352407d6f043721ca39254b2,LeezRdlrL1z7
499,f3284a8334c8655da97b5aac2f61f5b0,ysMMAdkgnu2A
500,ea53004f71f77d754083f39e38bba5fd,2v0vj2xD6wl1
501,6790bdb95377cf78d6a70d72ea6f03b0,ER6rOX6WN8Ek
502,12357a2e63f8fec843cd01a35994ba60,SmVTtWuVpcp0
503,37204c0c1b26eb989a3f01c3bc226625,eEWyr08g8Bzq
504,299bd4a8e9fcda97e01c62e1b8872d46,kVgW15gAu8WK
505,6205a8eaa9e73f64c7ebba5910c947f7,OqP69x2B0VFB
506,97a3378d3eec6d2ddfae0e1a40db60aa,jFWmqS3uMiyv
507,19d6811cc6223799e78cd95cf98badb4,mZftK5MTxizX
508,7b053f7b65205b71ba8cb9069ef580f8,hopRGLuWHaeH
509,8cc05a3a52d4b00f25f5a925ae5d6a30,FheUWDCP1wKv
510,d723949e4502da747d3da8f12962aa2e,SGLYGjtewGfj
511,b358e2df99b6e9f50e71171fad818c16,mhQtAEBMsAVs
512,595a12527d48f6db96162f90899d9485,A83AErdheZAx
513,4742de57d62baefb4be8b387d9bc9e3b,A83AErdheZAx
514,28de4a0af624b4980fea9d6a27d2f98f,wp3jjBMYk9q0
515,178d7ef17a48be2ba9d22542e421703f,C1YCCIUkk1gD
516,c63295cb4875a392ed10c898e92d02b9,pCsgTOjZnXuJ
517,bfebf41fa3d41e657a0c1b35ce2a4123,FqX2z3FzzbcZ
518,da062ff0ba057d32a435caf85bfd53d0,a8Modpe3H2NT
519,135d5d393b5c43201ad992da3174708d,kVgW15gAu8WK
520,08e59608a0a2bb559500f133f01654fc,a8Modpe3H2NT
521,699c0e61da50a7efcce742e40e5c0c78,dxzqzXKrKZ8m
522,330e53bf785f5b26ce7d2e675342e55c,qGiFFKwdpT6R
523,2b6813eb1b2b557fa7fad9ae945a6ab0,QgMhr0JWBWsO
524,e97bd44faa5439b6304ff534f53cf82a,y0XTK21Dr5yZ
525,282a74826c24320093e04fce241a1de1,sLrkKOaRi7Vt
526,fd30b00bed701da07639843e6c7ef80f,FheUWDCP1wKv
527,1c408b5d78ef2a2b0f7d0ff3934f559a,Etvt0xB1z9Ar
528,5f383c689222f5f76a6d4e097fb6d2cc,Eg0NmzYmlj2D
529,b681d6c9e798b67e696ece6fe1b336d1,mZftK5MTxizX
530,54f69bf58f54b4ddc15bfe676653f2a2,LeezRdlrL1z7
531,62c60f1f4a072a34e704aebfd7a05fe0,FlJnxfSdBrWo
532,58d59e9e20f873205743b281bcc34308,j2KJc6NOQeCl
533,15bd3a10c372c0d2ffe3dc85196daf6c,UytT9PUsCS0I
534,daaf926eee5dc2972ca75acd494d0953,OvCuicqiQ7UV
535,157f8d3f9414342078dea16468a01495,79woaYJCHtWl
536,49b5a2ceae2e16a413d63df129fa3de3,sLrkKOaRi7Vt
537,3df6f7ea7c6795f390f47f0c9af9ff57,UytT9PUsCS0I
538,af97187f5ad12398e531b428815147c6,Ycv28YfMxWue
539,8dc74f96705c78645845390c53aeb032,F3ymsbJazHu6
540,8aa7db0698a2ecc72ea7527905fe1084,7vraAnT8rdGJ
541,15352613375a10a56d28a9126561c0f3,R2D8eXEtZR9O
542,b6a9da699e64272a55bd2d37a39de34e,a8Modpe3H2NT
543,03474fb713e7ff8238b35843b2b16e76,BrpiDUFcXLO2
544,d93bdcbf69bf20701582b15293698da0,2tUjjaTA1XRH
545,a4bd885eadac11457787572ba4f81632,StVRFBHARHFE
546,33ac3ba69a26a5b3f2f0fd16415a8095,CgkUuwMgoFVb
547,d4b9296ac3c0a64c31feaa4d1b6202c7,p9EicrWMqqmM
548,6081855a99a2d8623fa25142b17b7a7f,79woaYJCHtWl
549,c29d63d9c5a35872e395f34315480418,2tUjjaTA1XRH
550,a6b93d80c79e6f6227e268db653aa293,StVRFBHARHFE
551,fecbeeff8fdabb597303cd3824bcd987,1MpXdDetciE4
552,657820103ad00fc1da03f7069ba3734a,4Bt0lrNATLKQ
553,8800e32d7aa7ab9c64bdf0c1f7042b11,tUdBhkEJYEZn
554,6098c7bf20f428be18c35c3c12491fa6,Yt53itzDNGJ8
555,e5f028a7c1db08dda913d82522406a7e,FheUWDCP1wKv
556,1cb6c75a670f30332ba3848a4d15258c,gdPZ0nKwJA83
557,f75ef200e5c389a89c03b3e4463bfcc7,6PKlQx6XycMj
558,2af5737134a07cd9f33d730556fbb49f,FlJnxfSdBrWo
559,ce20d64912748ac34d3c80e93ed4c453,nlZjscBqradr
560,087214c477f35d0f0925ed7ef71618bf,WNun1moDMwFk
561,45c57f60799ae46f82a99c99cdf1e238,U8G00Fk7kx21
562,7e3340841e0dcc7ee1c361c3b52a9412,l9S6TXwwYRGz
563,81b05b24eb94fb693f85f76b9267787f,0bvUWsiKy7jw
564,f782177e0ab05511c478ba6355822775,RKKhJnIn7G0S
565,ac351ea7bd6e65fc1a7c8a31aea0c2fb,gdPZ0nKwJA83
566,bbcf7cc8fc076da51a1e184696e67a70,DwNhFf3HbWzk
567,2470d3c8eca80c6f57ee43591e0bf031,wp3jjBMYk9q0
568,95d5a141db464fa93b1473f002a97339,oS7tB0jtXOq8
569,abb925a5db04bbf85d6cb335e7d61af3,Hxn31wXliqN6
570,5c678d0d48fc33230accf02238dbb7cc,BrpiDUFcXLO2
571,3ad228b36b8a39bf38cc4e92fcb6df1d,6PKlQx6XycMj
572,3ff31982855852a12c1c9b2838872198,C1YCCIUkk1gD
573,6ca4b1d3328df227b8a54680d886b79c,nlZjscBqradr
574,0c440ae2f68cc2b2b7568559e59e74b6,Uk4x8SEU0R3s
575,ce76d671d3a44bc7514e6de18175cefb,7vraAnT8rdGJ
576,733409aad2b56d7e38157f1a7fd4b196,QldYZv3Riz7P
577,2ba892b12e3bd7fabe466eb7662269fc,Ycv28YfMxWue
578,04c99f9849019426b755e241ab8a08df,KVmgm7Sc02Ho
579,bc1957503dff8897e1e872c6e3defcb0,O9gZi4QBLANf
580,7e6468a9d53b88c49d2eb86aecf1db89,ylg1PTnEYB0a
581,3269c0574a22f76cec7e3cb6048ee8f3,zhq2KVOmdCkJ
582,e6e89e6f7291a82e7526d0866b60194f,px0pT41crNog
583,0242c4ef08faed5518d54abfdd1c6737,mZftK5MTxizX
584,b1be2e359b290887deceb32c6c87621b,DwNhFf3HbWzk
585,e900559456eba22eedb9ca8b71ffbd57,nlZjscBqradr
586,88a0744231b63e6c295f450776cef67d,kvZHxro1nIEr
587,9fcc1709c2d4dcb5beb72362a59e6fb9,ysMMAdkgnu2A
588,d0405f8f60441f02caf0b5e1285eaa32,LeezRdlrL1z7
589,2fc55d1b57fda62d15e2a8d4b37dbe38,igv3YRwqXL1I
590,d4c471ba1539b66d9e56f12b145a637d,DwNhFf3HbWzk
591,ba0769ca07728b43e9b6a06a8616e743,BrpiDUFcXLO2
592,87a525be02c16da7729dbf8051db03e5,OF9ECN5iHJZZ
593,967d0cd4b20180d466ace2e6e35456b9,tw08wYSFFojh
594,77a1a4edc43e358f20756a57fb0e3154,oS7tB0jtXOq8
595,05b1bfa343a9b1c2a4bdf921cfb2b969,y0XTK21Dr5yZ
596,92ecb5a143b8a13e9266a10ba61955e3,OqP69x2B0VFB
597,71eed07851a30c28da923efc1dd5979f,2v0vj2xD6wl1
598,a48f41edf5981315d91a0c9e41d9225f,YNd7PiXtB42z
599,b66f12cb275e076259dc9fc74c29d0ed,OF9ECN5iHJZZ
600,50ec5db7a1c72865e4ba2aec421b25fb,sdikvCEg8fEb
601,e7a240e6ab389bfb1f9db73468b5e0c1,2bDw1hjPhlZc
602,1155477bb2f840c466fa0ad9cb307595,48VxADq1Lux5
603,b7ce93c333742c10938955730043c3e4,7vraAnT8rdGJ
604,2108b861fbaa0843280a4b1b40ba753a,Ft66LjF4PD0Z
605,c65aa3d1aa8599609ef01903bfa85122,OF9ECN5iHJZZ
606,122714856bc6b7cb9bf2cffe81b0bd21,dxzqzXKrKZ8m
607,bb0fb6e0dd05f92bef05543ac7dc441c,UytT9PUsCS0I
608,63295b38b7c757630fdf60b8fd6462a7,hiOe7kY0036V
609,4100e7c26579ab0bb55fb77b8055d5b9,qdtBgmKH9EBK
610,365c25bf8b2f8629f4c5aca157dc0cd5,SGLYGjtewGfj
611,3b3bd1f6ae23d606985cdce94cafa8ad,F3ymsbJazHu6
612,dd129871b58efc9a9fb859acbc60fa71,Ft66LjF4PD0Z
613,5ed26b3765f064684f4f7ca4c2af4941,7vraAnT8rdGJ
614,a1e098ae36294436428d6af319221a11,tw08wYSFFojh
615,e2b9bfa99be6cbca817092bcf54e5498,Uk4x8SEU0R3s
616,1fcedc73afab5169304a804d853e8405,wp3jjBMYk9q0
617,ebdb28acdc158596b54c85c7d3ec3ef3,gdPZ0nKwJA83
618,cf1f0d946d69f8c0ee195f9f62cd2dbd,dxzqzXKrKZ8m
619,b3d136802dc0b66b7924d8fb63d681f4,LeezRdlrL1z7
620,8b01e4ab83e4b89522c3551d6b8b15f5,px0pT41crNog
621,453e05572db0710c310a557adb1c2724,eEWyr08g8Bzq
622,32499c0de1c08cc377837f3be3dffa64,O9gZi4QBLANf
623,fe5cbf4a55f3ce9e0ca928135b4fb396,7hUFkv3XaqLb
624,04af083c96b37b290c03da781656070d,OF9ECN5iHJZZ
625,811453304e12f2e1048ec9ce1449b741,Hxn31wXliqN6
626,2b314d5f674eb07fe03608f25ac4b334,su6Ym7plKI4E
627,9821ee74bcc2aa51c5cd3a350120f830,OvCuicqiQ7UV
628,74c3593681af92eedc0a277dac51441e,5co6u5uLcIQp
629,c7493e01d95ef614a09a664f506bacb4,U8G00Fk7kx21
630,e539ed85996933aa995756dfc796e1eb,6VsVZAklqNeC
631,db5feae1700aefb047d718a93facb20b,Uk4x8SEU0R3s
632,67741ee8ce88405f0b6a8a8db73beaeb,ylg1PTnEYB0a
633,01042e39e75073343813a695a0010d18,QgMhr0JWBWsO
634,5d7babbb1c54f0f64c8913ac31f6a9bb,mfGnmfYYeuYp
635,27c09e88a992119fdc81404e0d25911f,H2WOWEXttUGS
636,928c8190be8a2518d477bd14a0d53a34,j2KJc6NOQeCl
637,be18db658a97f5c1e1a87fa51c31cdea,mfGnmfYYeuYp
638,b12c2c8581a0e27fcf6b85407a96af9c,Ec7FAgpEnOUZ
639,0519b9c5840796fa67dc4f55beac5252,YNd7PiXtB42z
640,990156d4c0bbed5367cbff5db3e26cf3,tUdBhkEJYEZn
641,5aac48b7d86340600f70f62e6d71549a,DJDqjenoXOTT
642,27327198a21e52dd5ec6b70876a5f353,Eg0NmzYmlj2D
643,8c6e8dd91e70450a3088e00a4add100b,KVmgm7Sc02Ho
644,a13843d11eb1e8a9c4acdfe1b5999519,O9gZi4QBLANf
645,1ac2a7c78a87a770a6dbe4f4336688ee,FheUWDCP1wKv
646,dc61d2ae338cbcc9104f7f976e4d8774,UxGLQiF7Rmba
647,d3c28b6facaf3889ecfa33900cff4305,6PKlQx6XycMj
648,620a357edc917be82c30cc712bab393c,QgMhr0JWBWsO
649,33efe14a1eb2ef071e4ebd92d49b0a68,j7UG5kNHau6X
650,82be5ab307480a07e8d455248a13cedb,zhq2KVOmdCkJ
651,49d5b814e0f8ddda9ed88b5adf5f49aa,OF9ECN5iHJZZ
652,493e3137456b4e50bb995c6761ab3f35,Ec7FAgpEnOUZ
653,d09151c13d0ff1386ceb2945d370960b,zhq2KVOmdCkJ
654,183bbf1d6f9bc22c280ffea230fd8243,dxzqzXKrKZ8m
655,6f95269103c4a9097310c444e4f84116,sLrkKOaRi7Vt
656,41cab729cdf9d8e5f1ec6071fd6ce058,BrpiDUFcXLO2
657,170d15c4851ad57c3b6cf3c396cb4622,6VsVZAklqNeC
658,b5c345df0caf236b84072d6819d33613,sLrkKOaRi7Vt
659,390fe1e337561b8ce4fe848444540e30,sgBnVRRii4LQ
660,d2a8bd2fc34f9862a652740ec7b7b18f,HsxeLm2GyGcr
661,e293dbd484ba93f2b4e55d3b17cd8cfd,zhq2KVOmdCkJ
662,3c0b1f93fe32a9190e135b0609383c96,kvZHxro1nIEr
663,fe14fb3b86fc246dffa92a4e7a9a8c13,AmIIqbiTv1KG
664,86006ccb3d4c12abecd2060ea0dbab47,4Bt0lrNATLKQ
665,836a15cce3eb989016249b87d5ecde13,a8Modpe3H2NT
666,f089e14eee1f7eaedefe7ae5f74ab99c,Etvt0xB1z9Ar
667,14242e5ebd5941d3d877551bae2e6270,ucZKkFZaPN54
668,cc2d3039c1fc824525735458ebbf555c,ysMMAdkgnu2A
669,55ffde6256ad3192c1cc286a1cc03c61,kvZHxro1nIEr
670,1dec7c7874daa0e18735e04c63a21af1,kvZHxro1nIEr
671,cec147e0e98c88b877c6043509f90d43,ysMMAdkgnu2A
672,b1566db2c8d1d1eee414fe488df2fd85,Uk4x8SEU0R3s
673,9b28ffac7075125e5e1b4ef9940268c5,U8G00Fk7kx21
674,ded1ffe88f20a1ebf1919c38a08342d2,TjtcmGSNMUXM
675,2660090e9df6e0a71cbbde6205e50630,OqP69x2B0VFB
676,fc4fa5f26af0f6994c2ad921d66cea0e,kvZHxro1nIEr
677,68a16c18d7bdd61910ce9b9ee662dd5a,wp3jjBMYk9q0
678,04e7d21656501eecb2af0a4ad4ffaffb,KZa1efIm9Elg
679,41014b5582e102afac7fd920d0399d89,U8G00Fk7kx21
680,3b3debbc58e8fc23df602d7865c4d2fc,cQsU5Bs17lm4
681,83e9c987403ccfd6d69ff3a4fe398360,3wU4qng3Jv5v
682,75663f8936ee5872bbb303dc91905e37,qGiFFKwdpT6R
683,c41ad3cf50bb47caa89c411a2ab26884,0bvUWsiKy7jw
684,f5f71e16245d7b935e66cafe480ff6ea,Z85QEbT2mTui
685,61c8f46582f4acbde549f64f935055ee,tUdBhkEJYEZn
686,84ffc16072dd13452754c292bffc7b51,Yt53itzDNGJ8
687,31abbdb44ff6cc85611eb4c50c22b440,4Bt0lrNATLKQ
688,33b3fa34d94d6e20a50b2f2695e3c967,tw08wYSFFojh
689,65fc598f55e1b6dec0047fb681642045,FqX2z3FzzbcZ
690,b5185c19189ad1a5e91de647edb95b54,RKKhJnIn7G0S
691,1a8393a94789ef43b3b33ee145936667,79woaYJCHtWl
692,2c8f9afd5ad6a6bf219e69cf80a0d8f6,hsCU5eU8j312
693,7e07e78d2d2b1c77cf3a744269d58a0f,eEWyr08g8Bzq
694,19156906d575148b0bbb11cd8755e3ad,3znoGOWPyNqM
695,cdbefb64a63dee148b69a127f811ce80,pCsgTOjZnXuJ
696,32c7f2d46bcd796711cd68d5b3ea8d0e,px0pT41crNog
697,b016b9c0ba4879d5c47d9bcd7bdd0c96,oS7tB0jtXOq8
698,d94105e527716b96bdeb3533e6f71bad,k2ihip3E07Io
699,d7b43485b7c59d68242d8b16bae86d30,OF9ECN5iHJZZ
700,cc417ef4ef6f05631e23b78f4768fa39,KVmgm7Sc02Ho
701,779324893128e5c6749402a92c7d0d66,zhq2KVOmdCkJ
702,4469ce44bc11c757a552ef2486ea3f3c,7hUFkv3XaqLb
703,3e44e8ef23dca9b8aeafbb3241222244,qOdkW8szBAfp
704,e91d4e19b59fee2a5a45e069d03d8f68,QgMhr0JWBWsO
705,4a137ecf0b224edfca23ef05bc5d78b2,ylg1PTnEYB0a
706,8f31d77e3528206ea9b461390081ee57,QgMhr0JWBWsO
707,9d8b549167363eb0bf0c7715e559c26c,1MpXdDetciE4
708,2744ce896687dbc9f51826f10e93a80e,SmVTtWuVpcp0
709,d385a8a1848cfa8fc4e6974357e195d1,Uk4x8SEU0R3s
710,2f31bf0cad5164577761f137cc929872,BrpiDUFcXLO2
711,b4005edfd3e57c30c9e60f4bf94a4584,qdtBgmKH9EBK
712,2cb3cc67876f1a4469569f6fe73f4d93,l9S6TXwwYRGz
713,e4b0fca5677864392681224ff2c4b925,1MpXdDetciE4
714,f1bb31b085bc07ed9c73aad3faa6bc8c,3znoGOWPyNqM
715,edd5b269957b478f28d8c00cf61c6277,dxzqzXKrKZ8m
716,c8851e43e46e8331e9b37916b9e6cf4d,KZa1efIm9Elg
717,2437d50f92ce4fda1c82eb34ce2bddc4,OvCuicqiQ7UV
718,a431a26b526cfb9e0ab1a09b2b1c4a2b,Ycv28YfMxWue
719,00cae9b934fa32f62b05fcf845c7fc62,sgBnVRRii4LQ
720,16f8562b80714ae498c98678fdf9b4d8,ysMMAdkgnu2A
721,96def6d5392a33f6a7f93bdd18489f05,7vraAnT8rdGJ
722,051d9f53994949c7eeec3d21a30ae2a8,F3ymsbJazHu6
723,982f4a725e8fa42bd56f186f466dc34c,9VRivUKKCCFT
724,fbe502701942cf44c256f828291d25d7,TckHLKsDjz2F
725,c1e0fb5fac7c16e9ac8e80c90efb81d7,tw08wYSFFojh
726,77d403684e88163537985131ef8d6911,dmdFmfezQCgR
727,eee2f2482d137e2d89fc44fe63f8ecfc,cQsU5Bs17lm4
728,14a4a1b7d69b94af3bfe2bec3179059d,TjtcmGSNMUXM
729,09bc5c095a3680a51700445304f77676,lfqjAt230IPm
730,4401d84d7e09bf4062767c8d0d560ac2,hopRGLuWHaeH
731,577b37090a74fe310caad53c0694244e,DwNhFf3HbWzk
732,6040266d5f3265f320a263f7ba8339fa,ZDwR7kxMZK6y
733,108762d1911556121ac92ad847369016,mhQtAEBMsAVs
734,080f3a024da2d0b3cea8873d5b422623,hsCU5eU8j312
735,cdaf7af15c3982b76449cb3c01951ef0,QMiGOFZ3GLJi
736,9bb0528014c8a7dfb50804ce6395c74e,UytT9PUsCS0I
737,bb55675eb4a20d0db02b3fc1b218e8ac,2v0vj2xD6wl1
738,252b1676bd44a637b430bfa2264c333d,AmIIqbiTv1KG
739,a119b640702231156e627612f9c4601d,FqX2z3FzzbcZ
740,99e800dfe1812fc77ae53b55f21f384c,mZftK5MTxizX
741,69b04d4e7b57a4f256cf7b0d0b3cb7ef,KVmgm7Sc02Ho
742,45a1f8f8b526b188c4bf83c35b04cadf,WNun1moDMwFk
743,6d83c96abe6c94ff79402b912fbddb7e,ylg1PTnEYB0a
744,73b1722c1df1a99edb676b0f61db1b53,2bDw1hjPhlZc
745,908ad79297bfd774adc4390b058903c6,p9EicrWMqqmM
746,43ddc45027c72ec4b2fb41c0dcc9b143,LeezRdlrL1z7
747,139a9c36efbe79d9e0057cf713a72316,KZa1efIm9Elg
748,5a4af78a3235cb99cbfc41c5da352141,qdtBgmKH9EBK
749,1f4f9d93715d261cb64139452dddf508,Eg0NmzYmlj2D
750,af6049bce00becb05e4dfb1e9d1634c4,UxGLQiF7Rmba
751,1a63daa644602738aa63b04e53ed6935,48VxADq1Lux5
752,cccbca47c65e478adb4042cd55500cd2,HsxeLm2GyGcr
753,b15091e3aa1071e2bf1c4e58ef2277d0,YNd7PiXtB42z
754,e0bd43d07f42077f055c9e5824c68d79,mfGnmfYYeuYp
755,228f32307cce18c3f555684c58c51b1d,mZftK5MTxizX
756,36a814aec58bd45014f1859ea65634dc,l9S6TXwwYRGz
757,b5f135859f65841fd973a913e1189b7c,Ec7FAgpEnOUZ
758,0b7c7cc2e2dbcb8ff71cb79079292bad,Hxn31wXliqN6
759,2a6a15777c8d0fb2198240fe4105e745,k2ihip3E07Io
760,a282426a77ac8e1faa71e176d29b341f,j7UG5kNHau6X
761,847fa7fdccc70b7661feb24a885f1993,48VxADq1Lux5
762,96749468d9cdc56d05f33c68a4b62e2e,px0pT41crNog
763,019604c7952227c6ffc81039e43a23b5,KZa1efIm9Elg
764,fdd8fd286a4be4f84abee68a211bf85f,FheUWDCP1wKv
765,58f5a7cc5f0796fdc2a6b27ed7a2e7d5,8ZKUbsMtFjYf
766,09f771b442c9160de4a54f75647d10e6,Z85QEbT2mTui
767,20fb68c4080eec820c9fe5d61d5f79e3,eXzCNWxm1R3Y
768,dcbf50cafcd59094b156e9527a3fcbb6,qGiFFKwdpT6R
769,889772926e1f4e1fe216b166ac5e78a5,oS7tB0jtXOq8
770,58397a229064402d2826666b4620c192,3wU4qng3Jv5v
771,3456d9d46a9e8e239d6e7c349ab13b19,NVvb1eYG5Ope
772,7442aa6b92a8d7234498f25e081b142f,QldYZv3Riz7P
773,f9420d73667895d8ebbd06c54f892fca,gdPZ0nKwJA83
774,3db29f76f2474c6b4393aff672412437,Eg0NmzYmlj2D
775,3f4ab48dafdaf0f5972961cd6c6ace84,FqX2z3FzzbcZ
776,9d4af56c215cd13b83f6ddbb2252abc5,RKKhJnIn7G0S
777,7df0a0da7539bf817c605ff78f94377b,LeezRdlrL1z7
778,6cacec56a9b7faeaabe3d206d91b5934,TckHLKsDjz2F
779,70d70c511ec43ca19638139b52cb823f,zhq2KVOmdCkJ
780,c24607c5795022dd7040ad87759c9ed9,LeezRdlrL1z7
781,3545c094eafaa284883977d62ce75a48,UxGLQiF7Rmba
782,a30d3978db4455d961e21b773816d245,jFWmqS3uMiyv
783,fd84af03715599b39b272eb16b2e898a,EE0kd0xkCEqD
784,6b021403c38f6fdf4876accff8a1d86a,Ycv28YfMxWue
785,24c84e516907ef92ef6c8854e2d0d19e,ucZKkFZaPN54
786,2324cd78aefddc56e3cdd1f308173170,Etvt0xB1z9Ar
787,b370ad0e9dff3676c6cbb32bcad65993,F3ymsbJazHu6
788,dd94e980e4124e814bdd4511f81397b1,ysMMAdkgnu2A
789,d91893e4dc1109b84c12ca673f363cd2,sLrkKOaRi7Vt
790,b43676a87443861cbbd0f1183f9afbbd,OvCuicqiQ7UV
791,3eaf0227164c426f6f00be864b46adde,6VsVZAklqNeC
792,47b65e5a3fd7531289c2f7acca88e01b,H2WOWEXttUGS
793,4e2dbd27c97eb3383e6a7e8b159b5139,RKKhJnIn7G0S
794,1e2545b30fb4476e29985fc8d6dad25b,ER6rOX6WN8Ek
795,3a4fc7ec0c3cb1638ba7ad3a1b57e811,Etvt0xB1z9Ar
796,fdf47aa0048aa4d7e8d89511648d49d5,kvZHxro1nIEr
797,0f0818db4afbce03d3d6427cb9ca7fbd,k2ihip3E07Io
798,4c0cbe35289a76e933e8e0d53fccd154,StVRFBHARHFE
799,1b4dedefbdde779ed60fd04e9bef3e08,nlZjscBqradr
800,ee15d6a2054681a2332ab0c97d4fde05,a8Modpe3H2NT
801,b8747cc5a24b16c15dc42adace4ef876,TckHLKsDjz2F
802,112dcd6fea664b79bea94a48163bec34,qdtBgmKH9EBK
803,4680407d36a48fa4e97ccc2aeb873689,TckHLKsDjz2F
804,f725979cb240ecb5b80b3a5fae9b2828,dmdFmfezQCgR
805,dfa0b797257398eca55142458f76ef59,KVmgm7Sc02Ho
806,355a5f72316cf59ea352a29ced58be80,igv3YRwqXL1I
807,cb5373b8d242eb767b336fe73b55bc7c,OqP69x2B0VFB
808,3ff14748ea345a74e24375da835fa528,y0XTK21Dr5yZ
809,616a0aca2eb3101ce6f216715f6ebedb,QgMhr0JWBWsO
810,8992dd8f6ea9146c23a9da92190d17fb,LxApTOTQYDmp
811,5c71229bfeb5149bab557564d32e71d6,eXzCNWxm1R3Y
812,3f2751f434cd750d7801487727f0f40b,Etvt0xB1z9Ar
813,b95b35875b1fdb16b3c87004b32288cf,7hUFkv3XaqLb
814,e7975db7457cbef7490cb894d96a1178,7vraAnT8rdGJ
815,c924662e497c7e785e1d93236d1c8a61,C1YCCIUkk1gD
816,a449487fc12c37f3b681e64796e96601,7BB2B8pUhkbG
817,b17cc696f57e3e7e580a4ef212267202,5co6u5uLcIQp
818,2dca5ec1b95018f590c4e259c9dac5fe,H2WOWEXttUGS
819,5b02775e6da458b021ec58405d1aca1f,sLrkKOaRi7Vt
820,e466d920c50dcca542edebf5d2ed4a39,a8Modpe3H2NT
821,f95438fb72cb72589d33e3465cecffbe,kvZHxro1nIEr
822,0d4ffee90018fb5528027ff4928683b3,mZftK5MTxizX
823,6c24be7a710431bc53c91b3d9258ad02,px0pT41crNog
824,862345d0f3ecb9e68dde61013af14533,1MpXdDetciE4
825,08d03dbfcc07bc1efb3da37e86f31a39,Hxn31wXliqN6
826,a853298aed235205702721a07f2b62aa,Etvt0xB1z9Ar
827,40e18be0e28e82c94f866ffeb2208981,su6Ym7plKI4E
828,854064f3831458c533cd2a969ef51a2a,cQsU5Bs17lm4
829,c0742c2c45b51396015bf6c1e1b617f2,tw08wYSFFojh
830,bc629eb7e7a98e8b49358b81b6bfda8b,ucZKkFZaPN54
831,fe4e37e13a749d6a434db5ec6c7cf51a,Etvt0xB1z9Ar
832,587fe74a7abf5ef8ed1e092d02c81c89,BrpiDUFcXLO2
833,be55297fba9df52725d4677bca24ddd3,4jAzTeZCrsAv
834,66aca76143c626e9746f93dd1c205da0,px0pT41crNog
835,e2b210bc612554d19e95b3d28db95860,mhQtAEBMsAVs
836,d760de91ffe13d26f69e6ce85ac4f983,2tUjjaTA1XRH
837,e2552a479596a0fe012cccbfc6dc0611,YNd7PiXtB42z
838,10a9dfbd2c3a9100b9163f8801423c54,jFWmqS3uMiyv
839,f4f966393ca2cf6aa28be681df855118,OvCuicqiQ7UV
840,15a0d1662a1884b4fe1c258d2f9b6c70,O9gZi4QBLANf
841,934eca042654d6df60924e6d9ee75be0,su6Ym7plKI4E
842,b30f93ca807e6337f067b06b8af54eb6,UxGLQiF7Rmba
843,084b3dea80f5fa13b805c7c389de6da0,eXzCNWxm1R3Y
844,e7b4ff0cc91ac594b5ff41a4f6463d0f,HsxeLm2GyGcr
845,3e8699d3634c2e81e4476bd9ccbd7fe8,j7UG5kNHau6X
846,b43dee434598591f71c3c109a4ee080f,mZftK5MTxizX
847,a5f6b3e5a95495e7b4514b07917190c5,84Fk2ftFDCby
848,bd81fbfe5e3207d10baa5594d921aa3a,LxApTOTQYDmp
849,8355bd764b276b36356e6b0e192ca5f7,OF9ECN5iHJZZ
850,80a21a9d17f60452063d8b1bc2e0053c,79woaYJCHtWl
851,04369d25d07cb4c89941b1ca34d867c7,7vraAnT8rdGJ
852,bc21a79f7a3dd67f20e8b553d28ccbe8,QMiGOFZ3GLJi
853,afb11cfcd44b84339f973d9102999b69,k2ihip3E07Io
854,ab12b935bd001d8c56eb94b363696402,ER6rOX6WN8Ek
855,1059fda215629400625bab03fd867863,faeIt8Gd1yzi
856,b31f51bad9ae77912966780c5c218086,H2WOWEXttUGS
857,5050ccd5bb8ebec9e14e7a074b170306,igv3YRwqXL1I
858,2fe6bd1b37537dc489bfabc1fd3da6fa,AmIIqbiTv1KG
859,3d83fc1d450f6434799c731b090e0df7,R2D8eXEtZR9O
860,ca04a81504f5bd0db5b2efe3bf535021,LxApTOTQYDmp
861,73db1680ca5e3b1da51c34a73c91376f,Etvt0xB1z9Ar
862,6093f3797ec18a7d4627a0409fb9891f,1MpXdDetciE4
863,457940a6307a978f0eabfc0a16d32f50,jFWmqS3uMiyv
864,a264e96ff4ffaf4eec608f13acfd2fa6,ucZKkFZaPN54
865,3c92892a7a0bccca36d162421a2baa29,ylg1PTnEYB0a
866,3a65c6efe68aa08e8f77be7bac4c8714,1MpXdDetciE4
867,95b282506e8fa6ff58f90f1571b00902,BrpiDUFcXLO2
868,b97fa36447683efff496ee344c0dab46,px0pT41crNog
869,05576906688ad8b89a3996ecabc85ef0,CgkUuwMgoFVb
870,bc5bfcfae956cb7606e557bebc91bdf2,WNun1moDMwFk
871,3d71d2d2307b350e35d8a82d9f16b46f,0bvUWsiKy7jw
872,f793497c3733bc36999385582b27a68a,sdikvCEg8fEb
873,7b356bf24749ee98506f796c3369bee5,3wU4qng3Jv5v
874,870258b95df0981e7fb6484f699e40e8,StVRFBHARHFE
875,0dc33d9d0eba0ddbe1799ab8369b7991,F3ymsbJazHu6
876,8af15509c288c0faa292120689b24574,Hxn31wXliqN6
877,abe94a67c6697b2f9055f75f4b6db5c3,su6Ym7plKI4E
878,e3f3c6c0589b886b822e0543f7cd2dac,qdtBgmKH9EBK
879,1c8e7f9c12c588bec8aabdc6de9faf16,kvZHxro1nIEr
880,8834a867660dd470c5841f632d76adcb,igv3YRwqXL1I
881,4b61a9ea6e2b297eebb12b8503d8c370,j2KJc6NOQeCl
882,94790fc2acf19c3577b37a055c21d63c,CgkUuwMgoFVb
883,f987a52c8ba266061e038906bf6061ab,KVmgm7Sc02Ho
884,e3cba2bedac44e0fc36c271ada78f835,4jAzTeZCrsAv
885,98d82a94b06dae1a7ae160184f2da12f,qdtBgmKH9EBK
886,3baf74813460b48411d1a8c698060837,2tUjjaTA1XRH
887,d8dcf6d74508d5003e31cbfa3c7e33a0,QMiGOFZ3GLJi
888,484f95f960156a7f63626b29b55cba2a,QMiGOFZ3GLJi
889,4dfbb59d336563ee520b73eed51019ab,QgMhr0JWBWsO
890,3e0f9acf8a644a8779573c824b618593,y0XTK21Dr5yZ
891,c932ab071b41054ea8a12865054acb70,pCsgTOjZnXuJ
892,c93119e630ec493328ab08ac0467bb86,2bDw1hjPhlZc
893,f7ca855e9347c1e3efd5d8e0e5e6d262,Ec7FAgpEnOUZ
894,ceab588c34fad46b64802f3775b420d3,px0pT41crNog
895,c525fdb532d5f29b9c0baebeb6d3f7a4,OqP69x2B0VFB
896,d82de354519fe77f11fc67ed3c08cadd,7vraAnT8rdGJ
897,cf726f89f1d195f7944e6b1b804cfbe5,2bDw1hjPhlZc
898,18cf15ffb3ca6a4b3abf98763344b0c7,3wU4qng3Jv5v
899,379318932c9f3e72675f69e7eb41059c,igv3YRwqXL1I
900,6a5b8fd800d0f9c94c75ca33217d1244,gdPZ0nKwJA83
901,a549f16ed944a04c32e351ba846e3f3e,oS7tB0jtXOq8
902,168df9b8c77899386b8b517d5217cd0f,FlJnxfSdBrWo
903,2bce44cf232f33086ec44d10dc9df5a4,p9EicrWMqqmM
904,67de65847f6a3a016cd1766b78d4413f,4Bt0lrNATLKQ
905,e5049ae9918d7f9fbfe8040641509389,jFWmqS3uMiyv
906,01c5d27f44907d0902a14abf2a56f322,Ycv28YfMxWue
907,7b57a0698e627650922a6a3b83a6a308,TjtcmGSNMUXM
908,48caf7a9166a02e2f6a5aeecf0fd8f59,lfqjAt230IPm
909,e934293ba534b56b24cbf581ede1097e,ZDwR7kxMZK6y
910,9014280f12e0458de52b6ea563ff962b,Ft66LjF4PD0Z
911,a19530791dcb7ace17803cab2d450760,3wU4qng3Jv5v
912,165b285a93a90cbdb55d6a2e11078735,SGLYGjtewGfj
913,de4f23d9b2d398f87d4166d72cadf0de,x7c46Eeq8bUZ
914,dd0c35dd392ec5e13cdbfa063208182f,84Fk2ftFDCby
915,5765f7042f75e148cc21014ddccdca78,5co6u5uLcIQp
916,a1215cdee47b579ae4a70212f078dd8f,FKUfrG3bmeaQ
917,436acee02bea856109561ac8ec90894d,xZJd04JF8A83
918,120160b73368a93a0960540131d1db69,qOdkW8szBAfp
919,bb4e46d24301692e47c96c521b12cdc3,nlZjscBqradr
920,90fc48eb1a45c4a58b105b33518a46cd,OqP69x2B0VFB
921,36edb8c342ef6df7fa6ee3ba87c9d702,j2KJc6NOQeCl
922,9b8254fe8cf0133bde2fc1006dfc3586,84Fk2ftFDCby
923,15a152b9eaff4e75b2d9fe8f45cd4d68,CgkUuwMgoFVb
924,fb619c8863ca82bb6e14dd689a7922fa,2bDw1hjPhlZc
925,ae7ad9916907ed07a3ec3c5a4fa90542,Ycv28YfMxWue
926,96a01cab4e7524efe43ce2094ec7b663,79woaYJCHtWl
927,be16a04dcb527b4b1ec9281d5d71cc37,hsCU5eU8j312
928,c161424c494a11ca5dd6bb5cd4922bc2,Yt53itzDNGJ8
929,74e9920b35ada16b61477563cd352ba1,FqX2z3FzzbcZ
930,0dfbe8ada5742ed41b42720cad2f7dca,CgkUuwMgoFVb
931,aaea82d979bfa6bafb43ab2507a45103,A83AErdheZAx
932,f1d7af0dca339205ac26e950ccdff4bf,2bDw1hjPhlZc
933,aeb05eb69b2e662ca2a85370a54007d5,6VsVZAklqNeC
934,6ad4bdf58ea94e9dd7e4cd23c2a8ea9a,mZftK5MTxizX
935,356e55113cc166c793bb306ded593094,faeIt8Gd1yzi
936,633fc0bd316ac1dc2e2f70e63b8103cc,Ft66LjF4PD0Z
937,c2ea21b1257d1df8da292dadc02d52f7,2tUjjaTA1XRH
938,f9a1def8fb92d4f13107aa40b820e803,dxzqzXKrKZ8m
939,134a94dc2db3d6e72eedd09019374dd1,48VxADq1Lux5
940,a65774dc6805b48a71741e8c49046a3d,qdtBgmKH9EBK
941,74eb9dc441361b3c110b5c6285c70676,4Bt0lrNATLKQ
942,dce87fbfbd24f039c5bcfdb7ecb8e28a,FheUWDCP1wKv
943,d349fbcdab6042922a8f355ed5fdf512,O9gZi4QBLANf
944,45c26b1b98a33f5ecacd2af1c51a6bc7,F3ymsbJazHu6
945,fc16399c8cdc74ffff7e2b4a10c1c6aa,8ZKUbsMtFjYf
946,27edfd2f7a3a5376a1e577201bbe4166,3wU4qng3Jv5v
947,6f66afc60bb2a325be7cf6b513ea9f1f,ylg1PTnEYB0a
948,372b22a3e778c1d558bdb046b1132541,UxGLQiF7Rmba
949,e3990e92a1c1eeb340c499f109a88e1e,ucZKkFZaPN54
950,b5601b527780dd81942e42e9d022ca99,ZDwR7kxMZK6y
951,df70bde69b9a03e87747d62a872d9a3b,LxApTOTQYDmp
952,41b3261beb5842a8f640a6eb8f569845,DJDqjenoXOTT
953,3af716e0ceff6bc123d1b36fdd6f299e,2tUjjaTA1XRH
954,11f1fa46681be3686d3116a3004ac7c2,Hxn31wXliqN6
955,d4f308b070b7f8ca65a05b45ee13228d,QldYZv3Riz7P
956,db58cbb9b6a654642c26cff1f4992f8c,AmIIqbiTv1KG
957,ca12191dbdb3b9e33732ba6943ea3385,lfqjAt230IPm
958,f324c36374cba1d5545240dca5fd792a,pCsgTOjZnXuJ
959,9fd3ea7aee0f346f196c75ae3a014965,J5cplZtiza3h
960,64f02f1134d30cd5ab8a1ee0ab8002a0,4Bt0lrNATLKQ
961,fbeae0733aa6e01a18dbbf8149fb0ee8,ZDwR7kxMZK6y
962,70274c8ee3997390aa0266cb3cd1c758,AmIIqbiTv1KG
963,80bfc3b2855c6a8db7597973f7757a97,YNd7PiXtB42z
964,2e3731425647dbea969db284c3323335,Ec7FAgpEnOUZ
965,f307fa9eab02be366388db676a034af3,eXzCNWxm1R3Y
966,0c3f932def01284bffc3295d380f296a,eXzCNWxm1R3Y
967,067c96577f162b7c108767b23ede7f9b,2v0vj2xD6wl1
968,96c945506a5c20f6e2220b76325ec83c,su6Ym7plKI4E
969,f2d9bc0049b49718a95fb49987b39ac0,7vraAnT8rdGJ
970,7003b52d69f41fa40b539c496edb3ab6,cQsU5Bs17lm4
971,12f62312d81244940d1da039e9ae0066,6VsVZAklqNeC
972,4bb80568946e721dfc252e52280d8424,HsxeLm2GyGcr
973,cfc1040a773ba208290dfc6d1c00ad99,cQsU5Bs17lm4
974,bd03792692b51e225c674953a4528771,sgBnVRRii4LQ
975,64fbfbd7560cc39a7fee2529b85fbfec,U8G00Fk7kx21
976,16a6eecb5d4ee09f72e24d16d1b2f3b3,Etvt0xB1z9Ar
977,4bd831658441bba18066465f39ee1489,igv3YRwqXL1I
978,fbee32babb4abe7ce0e3b18aa5d6a7a4,Ec7FAgpEnOUZ
979,4fce9b9d3f8823028d2022059b91bd6b,H2WOWEXttUGS
980,b52ae86af1a3d6bb8bd8ef052579a582,fpxJWGjD5QBG
981,b3608a16931d0fa7b35c81c6cbd6341a,CgkUuwMgoFVb
982,ad0e3970706d361501abfe59cc9a9a1c,7vraAnT8rdGJ
983,5e09a8a580ee2210f27dd210dffe3aca,QldYZv3Riz7P
984,f1850edd06ff7fdd9612eb1be5105935,EE0kd0xkCEqD
985,62977fd2143b35a5587b7c64b5bc1328,Hxn31wXliqN6
986,c7d02e5d0a242f303c96be085037a6c9,4Bt0lrNATLKQ
987,d7b7df544b21ff44cc695542ec520b4e,StVRFBHARHFE
988,bfd85221217d77c7e246460623bdeb61,UytT9PUsCS0I
989,4fa96d63d0c9da654adf3a498d84490f,R2D8eXEtZR9O
990,2268e47f447251ccd7c5c4a3ee69bc15,mfGnmfYYeuYp
991,80245bb83f2d0f989d032e731b9cd3fb,R2D8eXEtZR9O
992,f473b9d1c46badad25701be4bc3f59b6,dxzqzXKrKZ8m
993,537035dfa7ea1c2bb8aed955c6b1b54a,kvZHxro1nIEr
994,a0c93e3010315f7e5bdddd08b7b86bb9,Yt53itzDNGJ8
995,45a0751f796fabc3ccf7d2fe69d9d8fb,A83AErdheZAx
996,b561cfd50b9bfbde3079a5489418d20b,cQsU5Bs17lm4
997,41e36a716dc3582f33db00e02a83b55f,ucZKkFZaPN54
998,ba29310cd2fa267c87a0cc1d5051db7a,SGLYGjtewGfj
999,24a1475791618da20fdc2460c89daea9,KZa1efIm9Elg
