,id,name,created,updated
0,1,Joseph Kelly,2021-03-10 20:43:26,2021-05-01 13:54:51
1,2,Kyle Evans,2021-02-02 09:17:12,2021-06-22 11:54:24
2,3,Rachel Espinoza,2021-03-02 18:02:17,2021-08-05 10:49:11
3,4,Kevin Lindsey,2021-08-19 17:11:38,2021-10-03 03:18:11
4,5,Rebecca Wells,2021-11-30 13:49:16,2022-03-25 08:47:44
5,6,Bobby Combs,2021-04-18 03:25:02,2021-05-07 23:49:49
6,7,Danny Wolfe,2021-09-07 01:01:55,2022-03-01 01:59:18
7,8,Wendy Hansen,2021-07-19 15:45:23,2021-09-19 07:05:08
8,9,Jonathan Smith,2021-11-08 00:04:36,2021-11-13 22:38:10
9,10,Melissa Contreras,2021-12-23 16:12:57,2021-12-28 00:14:39
