,id,organization_id,user_id
0,1,7,926
1,2,1,647
2,3,10,596
3,4,9,541
4,5,1,730
5,6,9,135
6,7,5,580
7,8,4,459
8,9,7,197
9,10,9,778
10,11,5,11
11,12,3,492
12,13,5,572
13,14,6,324
14,15,8,121
15,16,3,483
16,17,4,941
17,18,2,949
18,19,10,576
19,20,7,777
20,21,2,254
21,22,7,544
22,23,6,470
23,24,1,163
24,25,8,719
25,26,8,630
26,27,6,713
27,28,10,40
28,29,2,562
29,30,1,839
30,31,4,371
31,32,10,345
32,33,9,687
33,34,4,885
34,35,3,352
35,36,2,235
36,37,2,771
37,38,9,423
38,39,7,854
39,40,2,12
40,41,1,487
41,42,1,501
42,43,4,797
43,44,9,828
44,45,7,819
45,46,3,646
46,47,9,798
47,48,2,466
48,49,9,865
49,50,3,648
50,51,10,359
51,52,8,975
52,53,9,14
53,54,10,76
54,55,1,691
55,56,2,942
56,57,2,808
57,58,2,399
58,59,3,810
59,60,9,613
60,61,8,448
61,62,7,944
62,63,2,499
63,64,9,23
64,65,2,341
65,66,8,772
66,67,5,234
67,68,9,489
68,69,9,523
69,70,5,961
70,71,1,745
71,72,8,452
72,73,10,927
73,74,3,413
74,75,1,983
75,76,7,407
76,77,9,361
77,78,6,21
78,79,8,339
79,80,10,305
80,81,4,192
81,82,6,185
82,83,1,852
83,84,4,673
84,85,1,182
85,86,9,875
86,87,5,393
87,88,9,628
88,89,4,45
89,90,1,538
90,91,10,999
91,92,7,694
92,93,4,429
93,94,4,970
94,95,1,906
95,96,7,955
96,97,6,347
97,98,3,845
98,99,6,168
99,100,2,418
100,101,2,56
101,102,9,245
102,103,10,916
103,104,5,356
104,105,1,274
105,106,10,445
106,107,9,510
107,108,5,645
108,109,8,188
109,110,6,600
110,111,8,841
111,112,5,502
112,113,4,547
113,114,2,809
114,115,10,279
115,116,2,6
116,117,9,106
117,118,1,516
118,119,7,199
119,120,6,116
120,121,7,936
121,122,1,594
122,123,5,877
123,124,7,683
124,125,5,768
125,126,2,861
126,127,1,260
127,128,10,787
128,129,5,357
129,130,4,851
130,131,10,110
131,132,9,75
132,133,4,738
133,134,8,349
134,135,8,397
135,136,4,498
136,137,3,957
137,138,5,727
138,139,8,381
139,140,8,343
140,141,10,250
141,142,7,816
142,143,10,856
143,144,8,427
144,145,10,886
145,146,2,417
146,147,1,766
147,148,2,848
148,149,10,623
149,150,9,649
150,151,10,707
151,152,9,656
152,153,2,583
153,154,8,695
154,155,5,455
155,156,2,322
156,157,9,132
157,158,1,755
158,159,3,400
159,160,7,672
160,161,5,585
161,162,6,236
162,163,7,913
163,164,1,735
164,165,7,968
165,166,10,328
166,167,5,380
167,168,8,977
168,169,2,836
169,170,9,990
170,171,6,169
171,172,9,629
172,173,6,573
173,174,6,336
174,175,1,601
175,176,8,615
176,177,9,945
177,178,6,526
178,179,1,732
179,180,8,763
180,181,9,652
181,182,7,143
182,183,1,3
183,184,1,662
184,185,10,128
185,186,5,556
186,187,6,840
187,188,5,956
188,189,2,329
189,190,4,715
190,191,5,978
191,192,7,561
192,193,10,440
193,194,10,799
194,195,1,53
195,196,5,395
196,197,2,222
197,198,2,396
198,199,2,534
199,200,10,979
200,201,7,73
201,202,7,353
202,203,2,976
203,204,4,1000
204,205,4,277
205,206,7,50
206,207,5,901
207,208,5,332
208,209,2,170
209,210,5,246
210,211,4,462
211,212,6,72
212,213,5,275
213,214,1,876
214,215,2,883
215,216,2,784
216,217,2,593
217,218,8,392
218,219,9,334
219,220,3,525
220,221,6,44
221,222,3,765
222,223,4,903
223,224,1,443
224,225,8,989
225,226,4,474
226,227,10,829
227,228,5,258
228,229,2,834
229,230,7,688
230,231,5,216
231,232,7,428
232,233,2,103
233,234,9,801
234,235,2,621
235,236,1,946
236,237,3,756
237,238,2,64
238,239,9,189
239,240,6,634
240,241,10,626
241,242,6,253
242,243,9,488
243,244,9,617
244,245,2,307
245,246,6,166
246,247,1,342
247,248,6,49
248,249,1,34
249,250,4,889
250,251,7,880
251,252,6,959
252,253,1,387
253,254,6,744
254,255,5,670
255,256,3,184
256,257,9,442
257,258,6,914
258,259,4,472
259,260,10,51
260,261,8,827
261,262,1,252
262,263,1,847
263,264,3,414
264,265,6,566
265,266,4,674
266,267,4,835
267,268,3,610
268,269,2,746
269,270,3,570
270,271,3,19
271,272,4,154
272,273,3,551
273,274,5,838
274,275,6,385
275,276,4,892
276,277,2,16
277,278,3,522
278,279,4,627
279,280,9,739
280,281,10,370
281,282,4,389
282,283,2,587
283,284,8,555
284,285,2,39
285,286,1,405
286,287,2,219
287,288,9,47
288,289,3,283
289,290,1,150
290,291,7,899
291,292,5,17
292,293,10,107
293,294,2,622
294,295,8,639
295,296,4,535
296,297,2,377
297,298,4,262
298,299,10,481
299,300,4,584
300,301,3,508
301,302,8,802
302,303,4,869
303,304,2,780
304,305,4,760
305,306,9,271
306,307,4,362
307,308,7,685
308,309,5,692
309,310,8,960
310,311,6,278
311,312,8,139
312,313,3,157
313,314,3,592
314,315,2,60
315,316,4,221
316,317,10,972
317,318,3,233
318,319,6,151
319,320,8,484
320,321,1,605
321,322,7,88
322,323,7,412
323,324,2,311
324,325,1,89
325,326,10,95
326,327,7,351
327,328,6,604
328,329,8,678
329,330,7,665
330,331,7,902
331,332,8,962
332,333,2,668
333,334,8,533
334,335,8,664
335,336,4,460
336,337,10,446
337,338,9,229
338,339,8,820
339,340,10,872
340,341,8,651
341,342,2,122
342,343,7,996
343,344,9,846
344,345,1,126
345,346,5,153
346,347,4,208
347,348,9,201
348,349,7,574
349,350,10,495
350,351,10,175
351,352,10,550
352,353,7,90
353,354,5,542
354,355,5,743
355,356,8,723
356,357,1,315
357,358,3,364
358,359,8,156
359,360,5,795
360,361,4,2
361,362,1,837
362,363,4,398
363,364,1,660
364,365,6,383
365,366,10,513
366,367,2,367
367,368,3,811
368,369,2,408
369,370,4,57
370,371,5,133
371,372,3,467
372,373,10,190
373,374,4,111
374,375,10,193
375,376,2,598
376,377,2,83
377,378,7,296
378,379,5,27
379,380,9,500
380,381,4,980
381,382,2,588
382,383,1,136
383,384,2,920
384,385,8,521
385,386,1,714
386,387,9,113
387,388,5,717
388,389,10,134
389,390,8,982
390,391,10,447
391,392,2,549
392,393,10,973
393,394,9,643
394,395,9,123
395,396,2,144
396,397,5,514
397,398,2,559
398,399,2,611
399,400,6,860
400,401,1,823
401,402,5,202
402,403,9,212
403,404,8,114
404,405,5,625
405,406,10,200
406,407,6,403
407,408,1,218
408,409,3,112
409,410,3,575
410,411,2,430
411,412,10,815
412,413,2,479
413,414,9,327
414,415,4,496
415,416,10,874
416,417,4,882
417,418,7,529
418,419,10,703
419,420,9,62
420,421,5,378
421,422,5,997
422,423,6,806
423,424,9,740
424,425,5,863
425,426,8,161
426,427,9,317
427,428,3,507
428,429,5,577
429,430,2,917
430,431,6,255
431,432,6,145
432,433,2,612
433,434,9,439
434,435,9,425
435,436,9,70
436,437,1,421
437,438,1,552
438,439,6,450
439,440,4,608
440,441,10,954
441,442,6,15
442,443,5,310
443,444,2,369
444,445,2,424
445,446,3,303
446,447,10,564
447,448,4,494
448,449,6,372
449,450,3,469
450,451,4,817
451,452,2,929
452,453,10,286
453,454,8,832
454,455,10,98
455,456,4,99
456,457,5,963
457,458,1,560
458,459,2,41
459,460,9,155
460,461,2,69
461,462,8,680
462,463,6,227
463,464,3,453
464,465,5,655
465,466,10,105
466,467,2,853
467,468,9,518
468,469,4,822
469,470,2,924
470,471,2,671
471,472,1,409
472,473,3,152
473,474,2,436
474,475,1,866
475,476,10,654
476,477,7,141
477,478,6,733
478,479,7,22
479,480,10,922
480,481,7,59
481,482,6,607
482,483,9,742
483,484,2,43
484,485,8,331
485,486,7,167
486,487,4,644
487,488,7,536
488,489,5,937
489,490,7,226
490,491,7,247
491,492,8,519
492,493,1,870
493,494,4,712
494,495,3,46
495,496,4,171
496,497,8,281
497,498,4,509
498,499,4,710
499,500,4,291
500,501,8,350
501,502,4,368
502,503,9,28
503,504,7,679
504,505,7,702
505,506,3,724
506,507,4,591
507,508,5,871
508,509,7,967
509,510,6,813
510,511,6,230
511,512,3,241
512,513,2,463
513,514,9,225
514,515,6,461
515,516,3,590
516,517,5,179
517,518,5,824
518,519,10,928
519,520,2,758
520,521,10,783
521,522,5,887
522,523,7,117
523,524,3,657
524,525,4,124
525,526,4,435
526,527,10,78
527,528,5,187
528,529,10,451
529,530,8,602
530,531,6,65
531,532,3,416
532,533,1,938
533,534,1,988
534,535,4,178
535,536,8,638
536,537,10,804
537,538,4,966
538,539,2,384
539,540,4,118
540,541,7,689
541,542,8,497
542,543,5,259
543,544,3,897
544,545,1,907
545,546,3,471
546,547,2,581
547,548,1,991
548,549,10,900
549,550,7,243
550,551,4,599
551,552,4,698
552,553,7,948
553,554,7,186
554,555,6,619
555,556,4,579
556,557,10,287
557,558,5,31
558,559,1,734
559,560,10,631
560,561,9,456
561,562,1,987
562,563,2,33
563,564,5,796
564,565,10,402
565,566,1,129
566,567,10,411
567,568,5,159
568,569,5,419
569,570,3,800
570,571,9,701
571,572,3,312
572,573,2,862
573,574,6,830
574,575,8,74
575,576,6,426
576,577,5,148
577,578,7,308
578,579,6,998
579,580,4,722
580,581,9,119
581,582,10,984
582,583,8,276
583,584,1,752
584,585,6,546
585,586,9,340
586,587,7,493
587,588,7,213
588,589,10,515
589,590,6,176
590,591,8,761
591,592,10,304
592,593,2,934
593,594,1,37
594,595,1,365
595,596,3,728
596,597,6,285
597,598,9,146
598,599,1,140
599,600,7,482
600,601,4,792
601,602,8,793
602,603,6,831
603,604,1,950
604,605,4,893
605,606,8,177
606,607,5,355
607,608,7,537
608,609,9,173
609,610,3,91
610,611,2,270
611,612,3,109
612,613,9,297
613,614,4,348
614,615,7,850
615,616,2,196
616,617,8,805
617,618,10,896
618,619,4,410
619,620,1,633
620,621,6,376
621,622,10,731
622,623,9,290
623,624,8,933
624,625,6,261
625,626,7,721
626,627,9,807
627,628,4,160
628,629,10,391
629,630,7,658
630,631,1,264
631,632,10,256
632,633,6,30
633,634,2,282
634,635,10,84
635,636,4,238
636,637,1,449
637,638,4,849
638,639,3,705
639,640,2,444
640,641,2,477
641,642,2,844
642,643,8,517
643,644,9,915
644,645,5,194
645,646,3,894
646,647,4,776
647,648,9,786
648,649,8,890
649,650,2,842
650,651,10,506
651,652,9,578
652,653,7,203
653,654,10,825
654,655,9,908
655,656,1,217
656,657,4,910
657,658,2,873
658,659,2,486
659,660,2,898
660,661,3,563
661,662,3,209
662,663,5,748
663,664,3,512
664,665,10,158
665,666,10,249
666,667,10,211
667,668,8,8
668,669,5,127
669,670,1,969
670,671,8,986
671,672,8,476
672,673,5,567
673,674,2,298
674,675,7,571
675,676,9,1
676,677,1,677
677,678,5,130
678,679,6,867
679,680,9,82
680,681,7,7
681,682,1,266
682,683,1,120
683,684,8,165
684,685,2,25
685,686,10,725
686,687,1,137
687,688,6,995
688,689,9,77
689,690,2,992
690,691,5,675
691,692,2,693
692,693,9,138
693,694,1,690
694,695,3,943
695,696,9,325
696,697,5,726
697,698,1,406
698,699,10,147
699,700,10,520
700,701,8,635
701,702,8,437
702,703,4,565
703,704,7,401
704,705,2,642
705,706,9,318
706,707,5,843
707,708,6,747
708,709,4,415
709,710,2,716
710,711,9,981
711,712,10,905
712,713,6,965
713,714,8,718
714,715,5,524
715,716,4,390
716,717,8,309
717,718,5,61
718,719,5,181
719,720,1,5
720,721,8,68
721,722,6,935
722,723,4,582
723,724,2,749
724,725,3,753
725,726,8,663
726,727,1,58
727,728,5,300
728,729,6,215
729,730,5,206
730,731,3,789
731,732,3,240
732,733,3,71
733,734,2,375
734,735,8,868
735,736,2,779
736,737,10,174
737,738,8,964
738,739,8,667
739,740,4,699
740,741,2,545
741,742,8,292
742,743,10,904
743,744,8,641
744,745,10,527
745,746,8,952
746,747,9,388
747,748,4,231
748,749,10,505
749,750,1,92
750,751,10,951
751,752,8,81
752,753,6,239
753,754,6,589
754,755,6,790
755,756,10,614
756,757,6,314
757,758,3,404
758,759,1,468
759,760,5,288
760,761,9,751
761,762,7,568
762,763,2,736
763,764,6,422
764,765,7,191
765,766,8,971
766,767,5,911
767,768,8,335
768,769,7,554
769,770,9,888
770,771,1,686
771,772,4,224
772,773,7,228
773,774,9,669
774,775,6,857
775,776,5,38
776,777,9,295
777,778,10,79
778,779,10,958
779,780,10,464
780,781,6,441
781,782,1,366
782,783,2,316
783,784,3,432
784,785,10,618
785,786,8,457
786,787,8,373
787,788,5,374
788,789,6,162
789,790,3,24
790,791,3,791
791,792,5,932
792,793,1,528
793,794,6,700
794,795,9,931
795,796,6,821
796,797,2,939
797,798,9,531
798,799,9,741
799,800,5,97
800,801,1,293
801,802,6,125
802,803,8,321
803,804,2,207
804,805,7,923
805,806,9,52
806,807,9,859
807,808,8,87
808,809,6,263
809,810,9,344
810,811,2,490
811,812,7,360
812,813,1,781
813,814,6,210
814,815,6,302
815,816,4,67
816,817,5,323
817,818,7,708
818,819,6,257
819,820,4,681
820,821,9,480
821,822,8,242
822,823,8,220
823,824,9,204
824,825,9,299
825,826,7,833
826,827,8,382
827,828,9,35
828,829,3,251
829,830,4,66
830,831,5,32
831,832,5,172
832,833,5,101
833,834,5,616
834,835,2,909
835,836,3,358
836,837,6,895
837,838,7,96
838,839,7,478
839,840,10,93
840,841,3,29
841,842,6,775
842,843,1,379
843,844,10,770
844,845,2,280
845,846,2,878
846,847,2,757
847,848,9,921
848,849,4,684
849,850,4,363
850,851,3,595
851,852,4,974
852,853,4,55
853,854,1,803
854,855,9,632
855,856,10,659
856,857,5,268
857,858,9,294
858,859,1,640
859,860,4,149
860,861,1,232
861,862,9,788
862,863,4,100
863,864,1,697
864,865,9,706
865,866,2,195
866,867,7,330
867,868,1,606
868,869,7,338
869,870,6,13
870,871,3,737
871,872,4,85
872,873,6,603
873,874,4,682
874,875,8,434
875,876,7,301
876,877,1,947
877,878,5,540
878,879,9,557
879,880,5,4
880,881,10,54
881,882,3,183
882,883,3,925
883,884,9,346
884,885,4,985
885,886,5,491
886,887,4,773
887,888,5,814
888,889,3,620
889,890,10,420
890,891,9,333
891,892,2,431
892,893,1,764
893,894,4,289
894,895,9,306
895,896,4,94
896,897,10,475
897,898,5,454
898,899,9,548
899,900,10,326
900,901,10,36
901,902,10,273
902,903,10,994
903,904,5,10
904,905,2,653
905,906,6,891
906,907,5,108
907,908,6,438
908,909,9,624
909,910,8,354
910,911,1,553
911,912,7,881
912,913,2,782
913,914,2,104
914,915,10,785
915,916,5,394
916,917,6,458
917,918,2,164
918,919,6,864
919,920,10,879
920,921,6,650
921,922,4,767
922,923,8,569
923,924,2,485
924,925,8,858
925,926,1,180
926,927,7,223
927,928,7,720
928,929,6,237
929,930,4,661
930,931,1,511
931,932,7,729
932,933,5,754
933,934,8,265
934,935,6,267
935,936,5,284
936,937,9,826
937,938,4,80
938,939,8,794
939,940,8,272
940,941,9,337
941,942,4,530
942,943,2,818
943,944,9,26
944,945,6,704
945,946,5,244
946,947,5,884
947,948,2,205
948,949,2,750
949,950,9,504
950,951,9,543
951,952,4,386
952,953,3,636
953,954,7,762
954,955,4,532
955,956,1,855
956,957,1,676
957,958,6,20
958,959,9,769
959,960,8,759
960,961,6,63
961,962,9,597
962,963,1,131
963,964,2,269
964,965,3,142
965,966,1,696
966,967,9,711
967,968,3,319
968,969,9,198
969,970,1,473
970,971,7,115
971,972,7,993
972,973,7,912
973,974,4,666
974,975,5,953
975,976,4,320
976,977,1,918
977,978,4,812
978,979,7,214
979,980,7,586
980,981,7,313
981,982,6,709
982,983,10,919
983,984,1,940
984,985,2,774
985,986,5,539
986,987,8,18
987,988,3,465
988,989,7,609
989,990,1,102
990,991,2,86
991,992,2,248
992,993,1,930
993,994,2,42
994,995,6,433
995,996,1,9
996,997,7,48
997,998,2,503
998,999,1,558
999,1000,6,637
